-- DOCTOR
SELECT * FROM mydb.doctor;
insert into doctor (doctor_id, d_name, d_fees, d_qualification, d_experience, d_address, mode, timings) values (1, 'Idaline', 871.5, 'MD', 7, 'Apt 1736', 'offline', 'afternoon');
insert into doctor (doctor_id, d_name, d_fees, d_qualification, d_experience, d_address, mode, timings) values (2, 'Delano', 374.94, 'MD', 7, 'Apt 1940', 'offline', 'morning');
insert into doctor (doctor_id, d_name, d_fees, d_qualification, d_experience, d_address, mode, timings) values (3, 'Kelcie', 839.15, 'MS', 6, 'Suite 100', 'offline', 'morning');
insert into doctor (doctor_id, d_name, d_fees, d_qualification, d_experience, d_address, mode, timings) values (4, 'Dorelia', 244.62, 'MD', 14, 'Suite 40', 'online', 'afternoon');
insert into doctor (doctor_id, d_name, d_fees, d_qualification, d_experience, d_address, mode, timings) values (5, 'Rafa', 422.63, 'MS', 12, '2nd Floor', 'offline', 'afternoon');
insert into doctor (doctor_id, d_name, d_fees, d_qualification, d_experience, d_address, mode, timings) values (6, 'Brandy', 775.79, 'MD', 20, '14th Floor', 'online', 'evening');
insert into doctor (doctor_id, d_name, d_fees, d_qualification, d_experience, d_address, mode, timings) values (7, 'Chase', 575.99, 'MBBS', 2, 'Room 183', 'offline', 'afternoon');
insert into doctor (doctor_id, d_name, d_fees, d_qualification, d_experience, d_address, mode, timings) values (8, 'Hedvig', 260.71, 'MS', 18, 'PO Box 87489', 'online', 'evening');
insert into doctor (doctor_id, d_name, d_fees, d_qualification, d_experience, d_address, mode, timings) values (9, 'Nico', 795.34, 'MS', 6, '17th Floor', 'offline', 'morning');
insert into doctor (doctor_id, d_name, d_fees, d_qualification, d_experience, d_address, mode, timings) values (10, 'Lock', 614.65, 'MBBS', 14, 'Room 1286', 'online', 'afternoon');
insert into doctor (doctor_id, d_name, d_fees, d_qualification, d_experience, d_address, mode, timings) values (11, 'Shellysheldon', 590.93, 'MS', 13, 'Room 1225', 'offline', 'afternoon');
insert into doctor (doctor_id, d_name, d_fees, d_qualification, d_experience, d_address, mode, timings) values (12, 'Lovell', 585.12, 'MD', 26, 'PO Box 60629', 'offline', 'afternoon');
insert into doctor (doctor_id, d_name, d_fees, d_qualification, d_experience, d_address, mode, timings) values (13, 'Iggy', 523.84, 'MD', 9, '6th Floor', 'online', 'morning');
insert into doctor (doctor_id, d_name, d_fees, d_qualification, d_experience, d_address, mode, timings) values (14, 'Nerty', 567.95, 'MBBS', 11, 'Suite 80', 'online', 'morning');
insert into doctor (doctor_id, d_name, d_fees, d_qualification, d_experience, d_address, mode, timings) values (15, 'Alayne', 424.72, 'MS', 7, 'Apt 818', 'offline', 'evening');
insert into doctor (doctor_id, d_name, d_fees, d_qualification, d_experience, d_address, mode, timings) values (16, 'Mella', 697.45, 'MS', 23, 'Suite 68', 'online', 'afternoon');
insert into doctor (doctor_id, d_name, d_fees, d_qualification, d_experience, d_address, mode, timings) values (17, 'Oralie', 675.57, 'MD', 9, 'Apt 1691', 'online', 'evening');
insert into doctor (doctor_id, d_name, d_fees, d_qualification, d_experience, d_address, mode, timings) values (18, 'Roseann', 997.16, 'MS', 18, 'Room 79', 'offline', 'morning');
insert into doctor (doctor_id, d_name, d_fees, d_qualification, d_experience, d_address, mode, timings) values (19, 'Kirsteni', 576.66, 'MD', 20, 'Room 1378', 'offline', 'evening');
insert into doctor (doctor_id, d_name, d_fees, d_qualification, d_experience, d_address, mode, timings) values (20, 'Tonnie', 369.21, 'MD', 5, '12th Floor', 'online', 'evening');
insert into doctor (doctor_id, d_name, d_fees, d_qualification, d_experience, d_address, mode, timings) values (21, 'Penelopa', 538.39, 'MBBS', 27, 'Apt 145', 'offline', 'evening');
insert into doctor (doctor_id, d_name, d_fees, d_qualification, d_experience, d_address, mode, timings) values (22, 'Natalie', 255.02, 'MD', 16, '5th Floor', 'online', 'morning');
insert into doctor (doctor_id, d_name, d_fees, d_qualification, d_experience, d_address, mode, timings) values (23, 'Veronika', 415.9, 'MS', 2, '17th Floor', 'online', 'afternoon');
insert into doctor (doctor_id, d_name, d_fees, d_qualification, d_experience, d_address, mode, timings) values (24, 'Prentiss', 456.87, 'MS', 2, '14th Floor', 'offline', 'afternoon');
insert into doctor (doctor_id, d_name, d_fees, d_qualification, d_experience, d_address, mode, timings) values (25, 'Belicia', 685.48, 'MS', 16, 'Apt 711', 'online', 'afternoon');
insert into doctor (doctor_id, d_name, d_fees, d_qualification, d_experience, d_address, mode, timings) values (26, 'Harwell', 294.4, 'MD', 8, 'PO Box 67212', 'online', 'afternoon');
insert into doctor (doctor_id, d_name, d_fees, d_qualification, d_experience, d_address, mode, timings) values (27, 'Ozzie', 762.91, 'MD', 2, 'Apt 879', 'offline', 'evening');
insert into doctor (doctor_id, d_name, d_fees, d_qualification, d_experience, d_address, mode, timings) values (28, 'Annabelle', 960.97, 'MS', 2, 'Apt 269', 'offline', 'afternoon');
insert into doctor (doctor_id, d_name, d_fees, d_qualification, d_experience, d_address, mode, timings) values (29, 'Remington', 257.2, 'MS', 20, 'Apt 1002', 'online', 'evening');
insert into doctor (doctor_id, d_name, d_fees, d_qualification, d_experience, d_address, mode, timings) values (30, 'Doe', 259.77, 'MBBS', 16, '14th Floor', 'offline', 'morning');
insert into doctor (doctor_id, d_name, d_fees, d_qualification, d_experience, d_address, mode, timings) values (31, 'Aubry', 298.56, 'MD', 29, '8th Floor', 'offline', 'morning');
insert into doctor (doctor_id, d_name, d_fees, d_qualification, d_experience, d_address, mode, timings) values (32, 'Marlin', 871.93, 'MBBS', 28, 'Apt 1139', 'offline', 'afternoon');
insert into doctor (doctor_id, d_name, d_fees, d_qualification, d_experience, d_address, mode, timings) values (33, 'Karen', 294.75, 'MD', 29, 'Room 914', 'offline', 'afternoon');
insert into doctor (doctor_id, d_name, d_fees, d_qualification, d_experience, d_address, mode, timings) values (34, 'Audi', 212.92, 'MBBS', 12, 'Room 1723', 'offline', 'afternoon');
insert into doctor (doctor_id, d_name, d_fees, d_qualification, d_experience, d_address, mode, timings) values (35, 'Allx', 797.06, 'MS', 10, 'Apt 857', 'online', 'afternoon');
insert into doctor (doctor_id, d_name, d_fees, d_qualification, d_experience, d_address, mode, timings) values (36, 'Rosette', 583.08, 'MBBS', 9, 'Apt 876', 'offline', 'evening');
insert into doctor (doctor_id, d_name, d_fees, d_qualification, d_experience, d_address, mode, timings) values (37, 'Leeland', 804.89, 'MBBS', 20, '15th Floor', 'online', 'evening');
insert into doctor (doctor_id, d_name, d_fees, d_qualification, d_experience, d_address, mode, timings) values (38, 'Humphrey', 827.44, 'MBBS', 5, '3rd Floor', 'offline', 'morning');
insert into doctor (doctor_id, d_name, d_fees, d_qualification, d_experience, d_address, mode, timings) values (39, 'Emmalee', 496.07, 'MS', 30, 'Suite 70', 'offline', 'afternoon');
insert into doctor (doctor_id, d_name, d_fees, d_qualification, d_experience, d_address, mode, timings) values (40, 'Ashlee', 640.05, 'MBBS', 30, 'Suite 2', 'offline', 'morning');
insert into doctor (doctor_id, d_name, d_fees, d_qualification, d_experience, d_address, mode, timings) values (41, 'Alford', 959.76, 'MS', 27, 'Suite 60', 'offline', 'morning');
insert into doctor (doctor_id, d_name, d_fees, d_qualification, d_experience, d_address, mode, timings) values (42, 'Joycelin', 768.16, 'MBBS', 24, 'Suite 54', 'offline', 'morning');
insert into doctor (doctor_id, d_name, d_fees, d_qualification, d_experience, d_address, mode, timings) values (43, 'Marsha', 687.59, 'MBBS', 18, 'Suite 47', 'offline', 'afternoon');
insert into doctor (doctor_id, d_name, d_fees, d_qualification, d_experience, d_address, mode, timings) values (44, 'Chadwick', 241.52, 'MBBS', 15, 'Apt 1853', 'offline', 'morning');
insert into doctor (doctor_id, d_name, d_fees, d_qualification, d_experience, d_address, mode, timings) values (45, 'Vernen', 567.74, 'MS', 8, 'Suite 88', 'online', 'evening');
insert into doctor (doctor_id, d_name, d_fees, d_qualification, d_experience, d_address, mode, timings) values (46, 'Seline', 557.13, 'MBBS', 17, 'Suite 45', 'online', 'morning');
insert into doctor (doctor_id, d_name, d_fees, d_qualification, d_experience, d_address, mode, timings) values (47, 'Giulio', 969.84, 'MBBS', 30, 'Suite 7', 'online', 'morning');
insert into doctor (doctor_id, d_name, d_fees, d_qualification, d_experience, d_address, mode, timings) values (48, 'Quinn', 464.0, 'MS', 19, 'Apt 38', 'offline', 'evening');
insert into doctor (doctor_id, d_name, d_fees, d_qualification, d_experience, d_address, mode, timings) values (49, 'Merrill', 690.1, 'MS', 23, 'Room 168', 'online', 'morning');
insert into doctor (doctor_id, d_name, d_fees, d_qualification, d_experience, d_address, mode, timings) values (50, 'Ermengarde', 338.57, 'MBBS', 16, 'PO Box 69454', 'offline', 'afternoon');
insert into doctor (doctor_id, d_name, d_fees, d_qualification, d_experience, d_address, mode, timings) values (51, 'Stacia', 221.2, 'MD', 11, 'PO Box 6583', 'offline', 'afternoon');
insert into doctor (doctor_id, d_name, d_fees, d_qualification, d_experience, d_address, mode, timings) values (52, 'Kaiser', 263.32, 'MD', 2, 'Apt 1821', 'online', 'evening');
insert into doctor (doctor_id, d_name, d_fees, d_qualification, d_experience, d_address, mode, timings) values (53, 'Cookie', 385.86, 'MD', 12, 'Apt 315', 'offline', 'afternoon');
insert into doctor (doctor_id, d_name, d_fees, d_qualification, d_experience, d_address, mode, timings) values (54, 'Griffy', 274.76, 'MS', 7, 'Apt 1683', 'offline', 'morning');
insert into doctor (doctor_id, d_name, d_fees, d_qualification, d_experience, d_address, mode, timings) values (55, 'Jamie', 995.42, 'MS', 27, 'Apt 1592', 'online', 'evening');
insert into doctor (doctor_id, d_name, d_fees, d_qualification, d_experience, d_address, mode, timings) values (56, 'Austen', 406.21, 'MBBS', 10, '3rd Floor', 'offline', 'afternoon');
insert into doctor (doctor_id, d_name, d_fees, d_qualification, d_experience, d_address, mode, timings) values (57, 'Wolfie', 417.77, 'MBBS', 13, 'PO Box 92097', 'online', 'morning');
insert into doctor (doctor_id, d_name, d_fees, d_qualification, d_experience, d_address, mode, timings) values (58, 'Raviv', 581.35, 'MD', 5, 'Suite 72', 'offline', 'evening');
insert into doctor (doctor_id, d_name, d_fees, d_qualification, d_experience, d_address, mode, timings) values (59, 'Rip', 413.5, 'MBBS', 17, 'Suite 74', 'offline', 'morning');
insert into doctor (doctor_id, d_name, d_fees, d_qualification, d_experience, d_address, mode, timings) values (60, 'Wade', 822.46, 'MD', 30, 'Room 1729', 'online', 'morning');
insert into doctor (doctor_id, d_name, d_fees, d_qualification, d_experience, d_address, mode, timings) values (61, 'Matteo', 228.64, 'MS', 26, 'Room 1237', 'online', 'afternoon');
insert into doctor (doctor_id, d_name, d_fees, d_qualification, d_experience, d_address, mode, timings) values (62, 'Uri', 536.32, 'MS', 11, 'Room 490', 'online', 'morning');
insert into doctor (doctor_id, d_name, d_fees, d_qualification, d_experience, d_address, mode, timings) values (63, 'Marco', 216.34, 'MD', 8, 'PO Box 74056', 'offline', 'morning');
insert into doctor (doctor_id, d_name, d_fees, d_qualification, d_experience, d_address, mode, timings) values (64, 'Fritz', 631.49, 'MBBS', 11, 'Apt 1649', 'offline', 'morning');
insert into doctor (doctor_id, d_name, d_fees, d_qualification, d_experience, d_address, mode, timings) values (65, 'Adella', 281.36, 'MS', 27, '10th Floor', 'offline', 'morning');
insert into doctor (doctor_id, d_name, d_fees, d_qualification, d_experience, d_address, mode, timings) values (66, 'Saree', 965.43, 'MBBS', 20, '10th Floor', 'online', 'evening');
insert into doctor (doctor_id, d_name, d_fees, d_qualification, d_experience, d_address, mode, timings) values (67, 'Emilee', 470.43, 'MBBS', 19, '17th Floor', 'online', 'morning');
insert into doctor (doctor_id, d_name, d_fees, d_qualification, d_experience, d_address, mode, timings) values (68, 'Essie', 778.24, 'MBBS', 9, 'PO Box 17377', 'online', 'evening');
insert into doctor (doctor_id, d_name, d_fees, d_qualification, d_experience, d_address, mode, timings) values (69, 'Guido', 784.58, 'MD', 18, 'Suite 14', 'online', 'evening');
insert into doctor (doctor_id, d_name, d_fees, d_qualification, d_experience, d_address, mode, timings) values (70, 'Violette', 738.51, 'MD', 29, 'Suite 88', 'offline', 'morning');
insert into doctor (doctor_id, d_name, d_fees, d_qualification, d_experience, d_address, mode, timings) values (71, 'Urban', 950.4, 'MBBS', 2, 'Suite 42', 'online', 'afternoon');
insert into doctor (doctor_id, d_name, d_fees, d_qualification, d_experience, d_address, mode, timings) values (72, 'Quintilla', 695.13, 'MBBS', 15, '20th Floor', 'online', 'afternoon');
insert into doctor (doctor_id, d_name, d_fees, d_qualification, d_experience, d_address, mode, timings) values (73, 'Graig', 951.4, 'MBBS', 5, 'Room 337', 'offline', 'morning');
insert into doctor (doctor_id, d_name, d_fees, d_qualification, d_experience, d_address, mode, timings) values (74, 'Ruthi', 333.06, 'MD', 9, 'Room 101', 'online', 'morning');
insert into doctor (doctor_id, d_name, d_fees, d_qualification, d_experience, d_address, mode, timings) values (75, 'Kay', 827.84, 'MD', 15, 'Suite 84', 'online', 'morning');
insert into doctor (doctor_id, d_name, d_fees, d_qualification, d_experience, d_address, mode, timings) values (76, 'Fritz', 708.03, 'MBBS', 17, 'Suite 43', 'offline', 'afternoon');
insert into doctor (doctor_id, d_name, d_fees, d_qualification, d_experience, d_address, mode, timings) values (77, 'Rance', 908.45, 'MBBS', 24, '9th Floor', 'online', 'morning');
insert into doctor (doctor_id, d_name, d_fees, d_qualification, d_experience, d_address, mode, timings) values (78, 'Clerkclaude', 880.54, 'MBBS', 10, '10th Floor', 'online', 'morning');
insert into doctor (doctor_id, d_name, d_fees, d_qualification, d_experience, d_address, mode, timings) values (79, 'Diann', 540.62, 'MBBS', 7, 'Apt 359', 'online', 'morning');
insert into doctor (doctor_id, d_name, d_fees, d_qualification, d_experience, d_address, mode, timings) values (80, 'Thekla', 629.09, 'MD', 20, 'Room 1011', 'offline', 'evening');
insert into doctor (doctor_id, d_name, d_fees, d_qualification, d_experience, d_address, mode, timings) values (81, 'Yalonda', 942.94, 'MD', 25, 'Suite 15', 'offline', 'morning');
insert into doctor (doctor_id, d_name, d_fees, d_qualification, d_experience, d_address, mode, timings) values (82, 'Anabella', 962.26, 'MS', 24, 'PO Box 89041', 'offline', 'morning');
insert into doctor (doctor_id, d_name, d_fees, d_qualification, d_experience, d_address, mode, timings) values (83, 'Cosette', 200.47, 'MD', 12, '18th Floor', 'offline', 'afternoon');
insert into doctor (doctor_id, d_name, d_fees, d_qualification, d_experience, d_address, mode, timings) values (84, 'Cammi', 459.88, 'MS', 24, 'Apt 1229', 'online', 'afternoon');
insert into doctor (doctor_id, d_name, d_fees, d_qualification, d_experience, d_address, mode, timings) values (85, 'Cathrin', 627.77, 'MS', 19, 'PO Box 1403', 'online', 'evening');
insert into doctor (doctor_id, d_name, d_fees, d_qualification, d_experience, d_address, mode, timings) values (86, 'Shadow', 823.64, 'MBBS', 22, 'Room 889', 'offline', 'evening');
insert into doctor (doctor_id, d_name, d_fees, d_qualification, d_experience, d_address, mode, timings) values (87, 'Frankie', 316.68, 'MD', 9, 'PO Box 44482', 'offline', 'afternoon');
insert into doctor (doctor_id, d_name, d_fees, d_qualification, d_experience, d_address, mode, timings) values (88, 'Cordy', 714.24, 'MD', 3, '17th Floor', 'online', 'afternoon');
insert into doctor (doctor_id, d_name, d_fees, d_qualification, d_experience, d_address, mode, timings) values (89, 'Derrick', 920.05, 'MS', 2, 'PO Box 566', 'offline', 'evening');
insert into doctor (doctor_id, d_name, d_fees, d_qualification, d_experience, d_address, mode, timings) values (90, 'Trista', 630.23, 'MS', 20, 'PO Box 18471', 'online', 'evening');
insert into doctor (doctor_id, d_name, d_fees, d_qualification, d_experience, d_address, mode, timings) values (91, 'Alina', 945.53, 'MS', 14, 'Apt 1175', 'online', 'afternoon');
insert into doctor (doctor_id, d_name, d_fees, d_qualification, d_experience, d_address, mode, timings) values (92, 'Ernie', 616.67, 'MBBS', 18, 'Apt 1684', 'online', 'afternoon');
insert into doctor (doctor_id, d_name, d_fees, d_qualification, d_experience, d_address, mode, timings) values (93, 'Jeffie', 632.47, 'MD', 12, 'PO Box 11663', 'offline', 'afternoon');
insert into doctor (doctor_id, d_name, d_fees, d_qualification, d_experience, d_address, mode, timings) values (94, 'Thaxter', 474.32, 'MBBS', 13, 'Room 261', 'offline', 'evening');
insert into doctor (doctor_id, d_name, d_fees, d_qualification, d_experience, d_address, mode, timings) values (95, 'Isabel', 450.62, 'MD', 30, 'PO Box 87943', 'offline', 'afternoon');
insert into doctor (doctor_id, d_name, d_fees, d_qualification, d_experience, d_address, mode, timings) values (96, 'Brnaba', 879.2, 'MD', 21, 'Suite 59', 'offline', 'morning');
insert into doctor (doctor_id, d_name, d_fees, d_qualification, d_experience, d_address, mode, timings) values (97, 'Claribel', 261.26, 'MBBS', 22, '5th Floor', 'offline', 'morning');
insert into doctor (doctor_id, d_name, d_fees, d_qualification, d_experience, d_address, mode, timings) values (98, 'Berny', 478.22, 'MBBS', 17, '6th Floor', 'offline', 'morning');
insert into doctor (doctor_id, d_name, d_fees, d_qualification, d_experience, d_address, mode, timings) values (99, 'Odella', 450.61, 'MD', 11, '2nd Floor', 'online', 'morning');
insert into doctor (doctor_id, d_name, d_fees, d_qualification, d_experience, d_address, mode, timings) values (100, 'Baillie', 554.83, 'MD', 12, '14th Floor', 'online', 'evening');





-- PATIENT
SELECT * FROM mydb.patient;
insert into patient (user_id, first_name, middle_name, last_name, city, state, p_gender, p_age, p_phone_number, p_date_joined, p_email) values (1, 'Parke', 'Conrad', 'Calkin', 'Shixiang', 'China', 'Male', 4, '+86 227 122 8465', '07-12-2022', 'ccalkin0@barnesandnoble.com');
insert into patient (user_id, first_name, middle_name, last_name, city, state, p_gender, p_age, p_phone_number, p_date_joined, p_email) values (2, 'Florella', 'Patty', 'MacNally', 'Franco da Rocha', 'Brazil', 'Female', 58, '+55 571 941 2653', '23-04-2021', 'pmacnally1@instagram.com');
insert into patient (user_id, first_name, middle_name, last_name, city, state, p_gender, p_age, p_phone_number, p_date_joined, p_email) values (3, 'Dorthea', 'Ade', 'Jollye', 'Karlskrona', 'Sweden', 'Female', 55, '+46 280 866 3275', '02-11-2021', 'ajollye2@zdnet.com');
insert into patient (user_id, first_name, middle_name, last_name, city, state, p_gender, p_age, p_phone_number, p_date_joined, p_email) values (4, 'Wiatt', 'Wallache', 'Godball', 'Bački Petrovac', 'Serbia', 'Male', 33, '+381 150 663 1004', '17-12-2020', 'wgodball3@ucla.edu');
insert into patient (user_id, first_name, middle_name, last_name, city, state, p_gender, p_age, p_phone_number, p_date_joined, p_email) values (5, 'Rosmunda', 'Oliver', 'Boshere', 'Lokolande', 'Indonesia', 'Female', 26, '+62 529 675 6669', '28-04-2021', 'oboshere4@exblog.jp');
insert into patient (user_id, first_name, middle_name, last_name, city, state, p_gender, p_age, p_phone_number, p_date_joined, p_email) values (6, 'Roselin', 'Clark', 'Dybbe', 'Lysice', 'Czech Republic', 'Female', 63, '+420 381 831 9365', '18-06-2021', 'cdybbe5@slate.com');
insert into patient (user_id, first_name, middle_name, last_name, city, state, p_gender, p_age, p_phone_number, p_date_joined, p_email) values (7, 'Ellery', 'Roma', 'Newlove', 'Oslo', 'Norway', 'Male', 100, '+47 456 742 3871', '06-06-2021', 'rnewlove6@wisc.edu');
insert into patient (user_id, first_name, middle_name, last_name, city, state, p_gender, p_age, p_phone_number, p_date_joined, p_email) values (8, 'Olenka', 'Edd', 'Boichat', 'San José Poaquil', 'Guatemala', 'Female', 15, '+502 944 826 1767', '10-01-2022', 'eboichat7@census.gov');
insert into patient (user_id, first_name, middle_name, last_name, city, state, p_gender, p_age, p_phone_number, p_date_joined, p_email) values (9, 'Gustave', 'Nickolas', 'Bayns', 'Bungkal', 'Indonesia', 'Male', 59, '+62 750 359 7616', '10-11-2021', 'nbayns8@washingtonpost.com');
insert into patient (user_id, first_name, middle_name, last_name, city, state, p_gender, p_age, p_phone_number, p_date_joined, p_email) values (10, 'Basilio', 'Dun', 'Vater', 'Üydzen', 'Mongolia', 'Male', 70, '+976 631 216 0227', '06-04-2022', 'dvater9@diigo.com');
insert into patient (user_id, first_name, middle_name, last_name, city, state, p_gender, p_age, p_phone_number, p_date_joined, p_email) values (11, 'Gilbert', 'Stanton', 'Tewelson', 'Santol', 'Philippines', 'Male', 17, '+63 195 548 5888', '07-07-2021', 'stewelsona@de.vu');
insert into patient (user_id, first_name, middle_name, last_name, city, state, p_gender, p_age, p_phone_number, p_date_joined, p_email) values (12, 'Lorie', 'Quint', 'Haller', 'La Colorada', 'Panama', 'Female', 31, '+507 402 872 4292', '08-09-2021', 'qhallerb@usa.gov');
insert into patient (user_id, first_name, middle_name, last_name, city, state, p_gender, p_age, p_phone_number, p_date_joined, p_email) values (13, 'Hugo', 'Ferris', 'Duddle', 'Qingsong', 'China', 'Male', 67, '+86 464 399 4929', '28-11-2021', 'fduddlec@gnu.org');
insert into patient (user_id, first_name, middle_name, last_name, city, state, p_gender, p_age, p_phone_number, p_date_joined, p_email) values (14, 'Gordon', 'Bartolomeo', 'McMackin', 'Jamālpur', 'Bangladesh', 'Male', 31, '+880 251 344 2698', '23-04-2022', 'bmcmackind@odnoklassniki.ru');
insert into patient (user_id, first_name, middle_name, last_name, city, state, p_gender, p_age, p_phone_number, p_date_joined, p_email) values (15, 'Costa', 'Bear', 'Bonefant', 'Xuetian', 'China', 'Male', 29, '+86 155 859 3358', '06-09-2022', 'bbonefante@slashdot.org');
insert into patient (user_id, first_name, middle_name, last_name, city, state, p_gender, p_age, p_phone_number, p_date_joined, p_email) values (16, 'Iris', 'Shane', 'Aked', 'Aqtöbe', 'Kazakhstan', 'Female', 50, '+7 745 479 7791', '18-06-2021', 'sakedf@homestead.com');
insert into patient (user_id, first_name, middle_name, last_name, city, state, p_gender, p_age, p_phone_number, p_date_joined, p_email) values (17, 'Danica', 'Murdock', 'Latliff', 'Buriti Bravo', 'Brazil', 'Female', 1, '+55 805 705 6961', '03-09-2022', 'mlatliffg@wix.com');
insert into patient (user_id, first_name, middle_name, last_name, city, state, p_gender, p_age, p_phone_number, p_date_joined, p_email) values (18, 'Trudy', 'Layton', 'Westall', 'Sandu', 'China', 'Female', 73, '+86 619 921 8585', '09-03-2021', 'lwestallh@feedburner.com');
insert into patient (user_id, first_name, middle_name, last_name, city, state, p_gender, p_age, p_phone_number, p_date_joined, p_email) values (19, 'Bessie', 'Dominick', 'Funnell', 'Sarulla', 'Indonesia', 'Female', 40, '+62 792 322 3760', '08-10-2022', 'dfunnelli@hhs.gov');
insert into patient (user_id, first_name, middle_name, last_name, city, state, p_gender, p_age, p_phone_number, p_date_joined, p_email) values (20, 'Farrand', 'Quincy', 'Garrigan', 'Reszel', 'Poland', 'Female', 13, '+48 264 634 9379', '14-12-2021', 'qgarriganj@edublogs.org');
insert into patient (user_id, first_name, middle_name, last_name, city, state, p_gender, p_age, p_phone_number, p_date_joined, p_email) values (21, 'Desmond', 'Heinrik', 'Littlefair', 'Marquard', 'South Africa', 'Male', 43, '+27 534 796 5866', '27-07-2022', 'hlittlefairk@opera.com');
insert into patient (user_id, first_name, middle_name, last_name, city, state, p_gender, p_age, p_phone_number, p_date_joined, p_email) values (22, 'Kimmie', 'Garreth', 'Gurrado', 'Imeni Zhelyabova', 'Russia', 'Female', 83, '+7 946 600 3378', '04-02-2023', 'ggurradol@sciencedirect.com');
insert into patient (user_id, first_name, middle_name, last_name, city, state, p_gender, p_age, p_phone_number, p_date_joined, p_email) values (23, 'Bo', 'Matteo', 'Janeczek', 'Oepula', 'Indonesia', 'Male', 64, '+62 446 653 6754', '26-06-2022', 'mjaneczekm@un.org');
insert into patient (user_id, first_name, middle_name, last_name, city, state, p_gender, p_age, p_phone_number, p_date_joined, p_email) values (24, 'Theodora', 'Willdon', 'Danaher', 'Cibolek Kidul', 'Indonesia', 'Female', 82, '+62 620 394 1684', '16-01-2021', 'wdanahern@kickstarter.com');
insert into patient (user_id, first_name, middle_name, last_name, city, state, p_gender, p_age, p_phone_number, p_date_joined, p_email) values (25, 'Kiel', 'Maurits', 'Morrad', 'Pasarkuok', 'Indonesia', 'Male', 33, '+62 786 523 4697', '30-11-2022', 'mmorrado@wp.com');
insert into patient (user_id, first_name, middle_name, last_name, city, state, p_gender, p_age, p_phone_number, p_date_joined, p_email) values (26, 'Ayn', 'Miller', 'Deare', 'Ḩātim', 'Jordan', 'Female', 104, '+962 657 318 6394', '06-10-2020', 'mdearep@elpais.com');
insert into patient (user_id, first_name, middle_name, last_name, city, state, p_gender, p_age, p_phone_number, p_date_joined, p_email) values (27, 'Yolane', 'Phineas', 'Rentenbeck', 'Roma', 'Italy', 'Female', 85, '+39 557 656 7129', '13-05-2021', 'prentenbeckq@amazon.co.jp');
insert into patient (user_id, first_name, middle_name, last_name, city, state, p_gender, p_age, p_phone_number, p_date_joined, p_email) values (28, 'Tawsha', 'Kerry', 'Dulanty', 'Malitubog', 'Philippines', 'Female', 74, '+63 282 892 3400', '01-05-2021', 'kdulantyr@e-recht24.de');
insert into patient (user_id, first_name, middle_name, last_name, city, state, p_gender, p_age, p_phone_number, p_date_joined, p_email) values (29, 'Arel', 'Fee', 'Rolland', 'Zhengguo', 'China', 'Male', 107, '+86 381 592 1357', '24-06-2021', 'frollands@cmu.edu');
insert into patient (user_id, first_name, middle_name, last_name, city, state, p_gender, p_age, p_phone_number, p_date_joined, p_email) values (30, 'Vincenz', 'Alfonse', 'Evangelinos', 'Vřesina', 'Czech Republic', 'Male', 21, '+420 679 468 1947', '12-10-2021', 'aevangelinost@delicious.com');
insert into patient (user_id, first_name, middle_name, last_name, city, state, p_gender, p_age, p_phone_number, p_date_joined, p_email) values (31, 'Filippa', 'Innis', 'Jackman', 'Pilluana', 'Peru', 'Female', 38, '+51 339 646 2376', '27-09-2021', 'ijackmanu@vistaprint.com');
insert into patient (user_id, first_name, middle_name, last_name, city, state, p_gender, p_age, p_phone_number, p_date_joined, p_email) values (32, 'Bertrand', 'Pavel', 'Sailes', 'Domoni', 'Comoros', 'Male', 42, '+269 206 688 8162', '16-02-2022', 'psailesv@ovh.net');
insert into patient (user_id, first_name, middle_name, last_name, city, state, p_gender, p_age, p_phone_number, p_date_joined, p_email) values (33, 'Fanny', 'Olly', 'Lum', 'Tours', 'France', 'Female', 37, '+33 543 133 3194', '28-01-2023', 'olumw@gnu.org');
insert into patient (user_id, first_name, middle_name, last_name, city, state, p_gender, p_age, p_phone_number, p_date_joined, p_email) values (34, 'Mitchell', null, 'Dummett', 'Gaide', 'China', 'Male', 50, '+86 716 777 4285', '10-04-2021', 'mdummettx@prweb.com');
insert into patient (user_id, first_name, middle_name, last_name, city, state, p_gender, p_age, p_phone_number, p_date_joined, p_email) values (35, 'Babara', 'Abran', 'Wear', 'Tabia', 'Morocco', 'Female', 55, '+212 311 921 1645', '06-11-2022', 'aweary@wired.com');
insert into patient (user_id, first_name, middle_name, last_name, city, state, p_gender, p_age, p_phone_number, p_date_joined, p_email) values (36, 'Milly', 'Alexandro', 'Gingles', 'Singgit', 'Indonesia', 'Female', 16, '+62 707 915 3819', '16-10-2022', 'aginglesz@hexun.com');
insert into patient (user_id, first_name, middle_name, last_name, city, state, p_gender, p_age, p_phone_number, p_date_joined, p_email) values (37, 'Thea', null, 'McLafferty', 'Mostovskoy', 'Russia', 'Female', 75, '+7 965 674 5433', '07-01-2021', 'tmclafferty10@baidu.com');
insert into patient (user_id, first_name, middle_name, last_name, city, state, p_gender, p_age, p_phone_number, p_date_joined, p_email) values (38, 'Shae', 'Stevy', 'Darco', 'Wakaseko', 'Indonesia', 'Female', 42, '+62 514 884 4625', '29-08-2022', 'sdarco11@purevolume.com');
insert into patient (user_id, first_name, middle_name, last_name, city, state, p_gender, p_age, p_phone_number, p_date_joined, p_email) values (39, 'Edin', 'Briano', 'Petrov', 'Qırmızı Samux', 'Azerbaijan', 'Female', 11, '+994 764 457 9613', '10-04-2022', 'bpetrov12@blog.com');
insert into patient (user_id, first_name, middle_name, last_name, city, state, p_gender, p_age, p_phone_number, p_date_joined, p_email) values (40, 'Edlin', 'Cleavland', 'Halstead', 'Pappadátes', 'Greece', 'Male', 104, '+30 253 340 6966', '17-03-2022', 'chalstead13@4shared.com');
insert into patient (user_id, first_name, middle_name, last_name, city, state, p_gender, p_age, p_phone_number, p_date_joined, p_email) values (41, 'Elmer', 'Matthiew', 'Siely', 'Nouvelle France', 'Mauritius', 'Male', 45, '+230 554 894 5043', '13-05-2021', 'msiely14@networkadvertising.org');
insert into patient (user_id, first_name, middle_name, last_name, city, state, p_gender, p_age, p_phone_number, p_date_joined, p_email) values (42, 'Gris', 'Derrik', 'Lucien', 'Okhotsk', 'Russia', 'Male', 87, '+7 767 288 8854', '01-12-2021', 'dlucien15@buzzfeed.com');
insert into patient (user_id, first_name, middle_name, last_name, city, state, p_gender, p_age, p_phone_number, p_date_joined, p_email) values (43, 'Art', 'Ashbey', 'Stodart', 'Xinkaikou', 'China', 'Male', 7, '+86 465 256 1615', '19-01-2023', 'astodart16@hostgator.com');
insert into patient (user_id, first_name, middle_name, last_name, city, state, p_gender, p_age, p_phone_number, p_date_joined, p_email) values (44, 'Upton', 'Shermy', 'Butchers', 'Seydi', 'Turkmenistan', 'Male', 58, '+993 245 894 6071', '10-05-2022', 'sbutchers17@pbs.org');
insert into patient (user_id, first_name, middle_name, last_name, city, state, p_gender, p_age, p_phone_number, p_date_joined, p_email) values (45, 'Hendrick', 'Giorgio', 'Erskine Sandys', 'Lidun', 'China', 'Male', 69, '+86 258 299 2268', '01-11-2022', 'gerskinesandys18@posterous.com');
insert into patient (user_id, first_name, middle_name, last_name, city, state, p_gender, p_age, p_phone_number, p_date_joined, p_email) values (46, 'Devlen', null, 'Twinberrow', 'Yuxin', 'China', 'Male', 24, '+86 120 289 0577', '14-02-2022', 'dtwinberrow19@nymag.com');
insert into patient (user_id, first_name, middle_name, last_name, city, state, p_gender, p_age, p_phone_number, p_date_joined, p_email) values (47, 'Wenonah', 'Daven', 'Gresley', 'Hushan', 'China', 'Female', 50, '+86 789 544 0213', '26-09-2020', 'dgresley1a@examiner.com');
insert into patient (user_id, first_name, middle_name, last_name, city, state, p_gender, p_age, p_phone_number, p_date_joined, p_email) values (48, 'Henryetta', 'Fraser', 'Porteous', 'Rocky Mountain House', 'Canada', 'Female', 41, '+1 271 444 1153', '05-01-2022', 'fporteous1b@harvard.edu');
insert into patient (user_id, first_name, middle_name, last_name, city, state, p_gender, p_age, p_phone_number, p_date_joined, p_email) values (49, 'Sidnee', 'Marshall', 'Checcuzzi', 'Mucumpiz', 'Venezuela', 'Male', 31, '+58 481 956 2771', '01-06-2022', 'mcheccuzzi1c@microsoft.com');
insert into patient (user_id, first_name, middle_name, last_name, city, state, p_gender, p_age, p_phone_number, p_date_joined, p_email) values (50, 'Kayle', 'Sherman', 'Lodovichi', 'Napoli', 'Italy', 'Female', 52, '+39 186 536 9901', '13-01-2021', 'slodovichi1d@npr.org');
insert into patient (user_id, first_name, middle_name, last_name, city, state, p_gender, p_age, p_phone_number, p_date_joined, p_email) values (51, 'Regine', 'Giles', 'Gerold', 'Swiętajno', 'Poland', 'Female', 2, '+48 225 531 3258', '14-11-2022', 'ggerold1e@alibaba.com');
insert into patient (user_id, first_name, middle_name, last_name, city, state, p_gender, p_age, p_phone_number, p_date_joined, p_email) values (52, 'Christy', 'Moises', 'Leeuwerink', 'Wārāh', 'Pakistan', 'Female', 63, '+92 824 809 8100', '04-12-2021', 'mleeuwerink1f@foxnews.com');
insert into patient (user_id, first_name, middle_name, last_name, city, state, p_gender, p_age, p_phone_number, p_date_joined, p_email) values (53, 'Selby', 'Raul', 'Arboine', 'Karangpocok', 'Indonesia', 'Male', 29, '+62 987 629 8577', '26-11-2021', 'rarboine1g@salon.com');
insert into patient (user_id, first_name, middle_name, last_name, city, state, p_gender, p_age, p_phone_number, p_date_joined, p_email) values (54, 'Willie', 'Westbrook', 'Withnall', 'Laval', 'France', 'Male', 91, '+33 553 885 7523', '23-03-2022', 'wwithnall1h@geocities.com');
insert into patient (user_id, first_name, middle_name, last_name, city, state, p_gender, p_age, p_phone_number, p_date_joined, p_email) values (55, 'Arron', 'Iggie', 'Andrusov', 'Purabaya', 'Indonesia', 'Male', 6, '+62 710 895 9497', '11-03-2021', 'iandrusov1i@google.com');
insert into patient (user_id, first_name, middle_name, last_name, city, state, p_gender, p_age, p_phone_number, p_date_joined, p_email) values (56, 'Kellia', 'Sayer', 'Patmore', 'Daduchuan', 'China', 'Female', 96, '+86 646 472 0645', '15-10-2021', 'spatmore1j@nsw.gov.au');
insert into patient (user_id, first_name, middle_name, last_name, city, state, p_gender, p_age, p_phone_number, p_date_joined, p_email) values (57, 'Carolann', 'Pembroke', 'Corton', 'Mulong', 'China', 'Female', 51, '+86 949 489 4630', '12-07-2022', 'pcorton1k@springer.com');
insert into patient (user_id, first_name, middle_name, last_name, city, state, p_gender, p_age, p_phone_number, p_date_joined, p_email) values (58, 'Patsy', 'Zollie', 'Griffithe', 'Sandefjord', 'Norway', 'Male', 75, '+47 927 447 7291', '04-02-2021', 'zgriffithe1l@tripod.com');
insert into patient (user_id, first_name, middle_name, last_name, city, state, p_gender, p_age, p_phone_number, p_date_joined, p_email) values (59, 'Monro', 'Hersch', 'Youell', 'Nangkasari', 'Indonesia', 'Male', 4, '+62 718 970 4360', '28-11-2022', 'hyouell1m@mayoclinic.com');
insert into patient (user_id, first_name, middle_name, last_name, city, state, p_gender, p_age, p_phone_number, p_date_joined, p_email) values (60, 'Karna', 'Zach', 'Rizzotto', 'Xiangcunxiang', 'China', 'Female', 84, '+86 179 788 5986', '13-06-2021', 'zrizzotto1n@icq.com');
insert into patient (user_id, first_name, middle_name, last_name, city, state, p_gender, p_age, p_phone_number, p_date_joined, p_email) values (61, 'Ronald', 'Yankee', 'Jansik', 'Shiyaogou', 'China', 'Male', 81, '+86 937 913 6378', '26-03-2021', 'yjansik1o@eventbrite.com');
insert into patient (user_id, first_name, middle_name, last_name, city, state, p_gender, p_age, p_phone_number, p_date_joined, p_email) values (62, 'Lorna', 'Worth', 'Palfrie', 'Campo Belo', 'Brazil', 'Female', 64, '+55 905 164 8562', '26-01-2021', 'wpalfrie1p@printfriendly.com');
insert into patient (user_id, first_name, middle_name, last_name, city, state, p_gender, p_age, p_phone_number, p_date_joined, p_email) values (63, 'Gene', 'Alasdair', 'oldey', 'Erie', 'United States', 'Male', 52, '+1 814 853 3437', '02-09-2020', 'aoldey1q@yahoo.com');
insert into patient (user_id, first_name, middle_name, last_name, city, state, p_gender, p_age, p_phone_number, p_date_joined, p_email) values (64, 'Verne', 'Gualterio', 'Shimwall', 'Magutian', 'China', 'Male', 83, '+86 134 214 2472', '31-10-2020', 'gshimwall1r@shutterfly.com');
insert into patient (user_id, first_name, middle_name, last_name, city, state, p_gender, p_age, p_phone_number, p_date_joined, p_email) values (65, 'Amalie', 'Marlin', 'Liddle', 'Atins', 'Brazil', 'Female', 36, '+55 781 526 5518', '24-06-2021', 'mliddle1s@latimes.com');
insert into patient (user_id, first_name, middle_name, last_name, city, state, p_gender, p_age, p_phone_number, p_date_joined, p_email) values (66, 'Orella', 'Randall', 'Ping', 'Machinda', 'Equatorial Guinea', 'Female', 39, '+240 105 431 9959', '29-11-2022', 'rping1t@sciencedirect.com');
insert into patient (user_id, first_name, middle_name, last_name, city, state, p_gender, p_age, p_phone_number, p_date_joined, p_email) values (67, 'Ferguson', 'Manfred', 'Pleming', 'Bonneuil-sur-Marne', 'France', 'Male', 1, '+33 957 458 4925', '17-10-2021', 'mpleming1u@google.ca');
insert into patient (user_id, first_name, middle_name, last_name, city, state, p_gender, p_age, p_phone_number, p_date_joined, p_email) values (68, 'Jacobo', 'Jorge', 'Haacker', 'Zhouxi', 'China', 'Male', 14, '+86 922 334 1021', '18-10-2021', 'jhaacker1v@t.co');
insert into patient (user_id, first_name, middle_name, last_name, city, state, p_gender, p_age, p_phone_number, p_date_joined, p_email) values (69, 'Corey', 'Sully', 'Plaide', 'Oja', 'Indonesia', 'Male', 99, '+62 723 250 3376', '18-11-2021', 'splaide1w@tamu.edu');
insert into patient (user_id, first_name, middle_name, last_name, city, state, p_gender, p_age, p_phone_number, p_date_joined, p_email) values (70, 'Bertram', 'Danny', 'Fitzharris', 'Panjakent', 'Tajikistan', 'Male', 88, '+992 204 143 3203', '29-05-2021', 'dfitzharris1x@github.io');
insert into patient (user_id, first_name, middle_name, last_name, city, state, p_gender, p_age, p_phone_number, p_date_joined, p_email) values (71, 'Clerc', 'Abbott', 'Avramovich', 'Penambangan', 'Indonesia', 'Male', 49, '+62 776 644 3760', '02-09-2020', 'aavramovich1y@furl.net');
insert into patient (user_id, first_name, middle_name, last_name, city, state, p_gender, p_age, p_phone_number, p_date_joined, p_email) values (72, 'Lotti', 'Sherman', 'Lawrenceson', 'Serzedo', 'Portugal', 'Female', 65, '+351 668 874 6139', '01-01-2022', 'slawrenceson1z@dailymail.co.uk');
insert into patient (user_id, first_name, middle_name, last_name, city, state, p_gender, p_age, p_phone_number, p_date_joined, p_email) values (73, 'Kym', 'Marlow', 'Wyre', 'Safotulafai', 'Samoa', 'Female', 31, '+685 568 616 1647', '02-11-2021', 'mwyre20@statcounter.com');
insert into patient (user_id, first_name, middle_name, last_name, city, state, p_gender, p_age, p_phone_number, p_date_joined, p_email) values (74, 'Linc', null, 'Kynd', 'Lincuo', 'China', 'Male', 35, '+86 595 481 7131', '25-03-2021', 'lkynd21@gravatar.com');
insert into patient (user_id, first_name, middle_name, last_name, city, state, p_gender, p_age, p_phone_number, p_date_joined, p_email) values (75, 'Perrine', 'North', 'Cheake', 'Anchang', 'China', 'Female', 60, '+86 515 808 7427', '10-05-2021', 'ncheake22@stanford.edu');
insert into patient (user_id, first_name, middle_name, last_name, city, state, p_gender, p_age, p_phone_number, p_date_joined, p_email) values (76, 'Eleni', 'Crosby', 'Everil', 'Thị Trấn Bình Mỹ', 'Vietnam', 'Female', 90, '+84 505 490 9648', '29-05-2021', 'ceveril23@wiley.com');
insert into patient (user_id, first_name, middle_name, last_name, city, state, p_gender, p_age, p_phone_number, p_date_joined, p_email) values (77, 'Faye', 'Horatio', 'Eivers', 'Meylan', 'France', 'Female', 15, '+33 503 765 4205', '05-06-2021', 'heivers24@istockphoto.com');
insert into patient (user_id, first_name, middle_name, last_name, city, state, p_gender, p_age, p_phone_number, p_date_joined, p_email) values (78, 'Elsey', 'Lynn', 'Staunton', 'Gorē', 'Ethiopia', 'Female', 67, '+251 938 627 5023', '24-11-2021', 'lstaunton25@jimdo.com');
insert into patient (user_id, first_name, middle_name, last_name, city, state, p_gender, p_age, p_phone_number, p_date_joined, p_email) values (79, 'August', 'Ricki', 'Gradon', 'Alençon', 'France', 'Male', 21, '+33 935 847 6119', '10-01-2023', 'rgradon26@lycos.com');
insert into patient (user_id, first_name, middle_name, last_name, city, state, p_gender, p_age, p_phone_number, p_date_joined, p_email) values (80, 'Foster', 'Ced', 'Igounet', 'Fleury-les-Aubrais', 'France', 'Male', 60, '+33 435 845 5182', '11-11-2021', 'cigounet27@bizjournals.com');
insert into patient (user_id, first_name, middle_name, last_name, city, state, p_gender, p_age, p_phone_number, p_date_joined, p_email) values (81, 'Temp', 'Cazzie', 'Pettingall', 'Tepal', 'Indonesia', 'Male', 5, '+62 759 759 3009', '12-09-2022', 'cpettingall28@google.cn');
insert into patient (user_id, first_name, middle_name, last_name, city, state, p_gender, p_age, p_phone_number, p_date_joined, p_email) values (82, 'Ryon', 'Locke', 'Walpole', 'Panalingaan', 'Philippines', 'Male', 30, '+63 733 700 6371', '25-01-2023', 'lwalpole29@nbcnews.com');
insert into patient (user_id, first_name, middle_name, last_name, city, state, p_gender, p_age, p_phone_number, p_date_joined, p_email) values (83, 'Charlene', null, 'Dimitru', 'Yongjiahe', 'China', 'Female', 105, '+86 112 986 3276', '18-09-2021', 'cdimitru2a@yolasite.com');
insert into patient (user_id, first_name, middle_name, last_name, city, state, p_gender, p_age, p_phone_number, p_date_joined, p_email) values (84, 'Rand', 'Hayes', 'Rottgers', 'Troitskoye', 'Russia', 'Male', 67, '+7 390 276 1593', '08-08-2021', 'hrottgers2b@miitbeian.gov.cn');
insert into patient (user_id, first_name, middle_name, last_name, city, state, p_gender, p_age, p_phone_number, p_date_joined, p_email) values (85, 'Gwyn', 'Hamel', 'Imesen', 'Solo', 'Philippines', 'Female', 42, '+63 805 970 3183', '19-06-2022', 'himesen2c@microsoft.com');
insert into patient (user_id, first_name, middle_name, last_name, city, state, p_gender, p_age, p_phone_number, p_date_joined, p_email) values (86, 'Zeb', 'Nickola', 'Waghorne', 'Zebrzydowice', 'Poland', 'Male', 90, '+48 703 732 0761', '29-05-2022', 'nwaghorne2d@moonfruit.com');
insert into patient (user_id, first_name, middle_name, last_name, city, state, p_gender, p_age, p_phone_number, p_date_joined, p_email) values (87, 'Laverna', 'Launce', 'Dowers', 'Penedo', 'Portugal', 'Female', 1, '+351 576 531 6414', '08-10-2022', 'ldowers2e@simplemachines.org');
insert into patient (user_id, first_name, middle_name, last_name, city, state, p_gender, p_age, p_phone_number, p_date_joined, p_email) values (88, 'Rosanne', 'Selig', 'Moorerud', 'Strängnäs', 'Sweden', 'Female', 20, '+46 655 186 9430', '11-10-2021', 'smoorerud2f@blogspot.com');
insert into patient (user_id, first_name, middle_name, last_name, city, state, p_gender, p_age, p_phone_number, p_date_joined, p_email) values (89, 'Micky', null, 'Quilleash', 'Taquaritinga', 'Brazil', 'Male', 67, '+55 618 449 4496', '11-10-2022', 'mquilleash2g@hugedomains.com');
insert into patient (user_id, first_name, middle_name, last_name, city, state, p_gender, p_age, p_phone_number, p_date_joined, p_email) values (90, 'Stephani', 'Winston', 'Ruggiero', 'Horodok', 'Ukraine', 'Female', 7, '+380 621 138 7711', '23-04-2022', 'wruggiero2h@tumblr.com');
insert into patient (user_id, first_name, middle_name, last_name, city, state, p_gender, p_age, p_phone_number, p_date_joined, p_email) values (91, 'Nefen', 'Yancey', 'Geck', 'Sao Hai', 'Thailand', 'Male', 89, '+66 709 741 7808', '12-12-2021', 'ygeck2i@google.co.uk');
insert into patient (user_id, first_name, middle_name, last_name, city, state, p_gender, p_age, p_phone_number, p_date_joined, p_email) values (92, 'Toby', 'Garret', 'Longea', 'Tumpakkepuh', 'Indonesia', 'Female', 90, '+62 857 305 7509', '07-11-2022', 'glongea2j@cmu.edu');
insert into patient (user_id, first_name, middle_name, last_name, city, state, p_gender, p_age, p_phone_number, p_date_joined, p_email) values (93, 'Abner', 'Nick', 'Mangin', 'Carlos Casares', 'Argentina', 'Male', 21, '+54 384 906 3478', '08-05-2021', 'nmangin2k@guardian.co.uk');
insert into patient (user_id, first_name, middle_name, last_name, city, state, p_gender, p_age, p_phone_number, p_date_joined, p_email) values (94, 'Concettina', 'Colan', 'Stodd', 'Tapacocha', 'Peru', 'Female', 30, '+51 273 304 4126', '11-06-2022', 'cstodd2l@google.cn');
insert into patient (user_id, first_name, middle_name, last_name, city, state, p_gender, p_age, p_phone_number, p_date_joined, p_email) values (95, 'Zitella', 'Allister', 'Finnemore', 'Suwaru', 'Indonesia', 'Female', 100, '+62 351 929 0633', '07-12-2021', 'afinnemore2m@businesswire.com');
insert into patient (user_id, first_name, middle_name, last_name, city, state, p_gender, p_age, p_phone_number, p_date_joined, p_email) values (96, 'Heindrick', 'Shanan', 'Simak', 'Staryy Dobrotvir', 'Ukraine', 'Male', 92, '+380 716 573 3400', '18-08-2021', 'ssimak2n@baidu.com');
insert into patient (user_id, first_name, middle_name, last_name, city, state, p_gender, p_age, p_phone_number, p_date_joined, p_email) values (97, 'Lynnelle', 'Elliot', 'Whittier', 'Volary', 'Czech Republic', 'Female', 83, '+420 347 145 6164', '01-06-2022', 'ewhittier2o@lulu.com');
insert into patient (user_id, first_name, middle_name, last_name, city, state, p_gender, p_age, p_phone_number, p_date_joined, p_email) values (98, 'Alic', 'Cirstoforo', 'Kleis', 'Quilmaná', 'Peru', 'Male', 51, '+51 619 564 7088', '20-02-2021', 'ckleis2p@wordpress.org');
insert into patient (user_id, first_name, middle_name, last_name, city, state, p_gender, p_age, p_phone_number, p_date_joined, p_email) values (99, 'Brita', 'Rockie', 'Rapinett', 'Sanya', 'China', 'Female', 29, '+86 403 843 5644', '15-10-2020', 'rrapinett2q@istockphoto.com');
insert into patient (user_id, first_name, middle_name, last_name, city, state, p_gender, p_age, p_phone_number, p_date_joined, p_email) values (100, 'Emogene', null, 'Chawner', 'Jiuhu', 'China', 'Female', 72, '+86 271 856 6494', '12-11-2022', 'echawner2r@themeforest.net');







-- MANAGEMENT
insert into management (employee_id, employee_name, employee_shift, employee_phone) values (1, 'Sayre', 'evening', '+33 756 152 1603');
insert into management (employee_id, employee_name, employee_shift, employee_phone) values (2, 'Alisun', 'evening', '+63 869 491 7128');
insert into management (employee_id, employee_name, employee_shift, employee_phone) values (3, 'Rose', 'evening', '+7 359 141 9764');
insert into management (employee_id, employee_name, employee_shift, employee_phone) values (4, 'Jody', 'evening', '+86 257 921 5875');
insert into management (employee_id, employee_name, employee_shift, employee_phone) values (5, 'Rosamund', 'evening', '+380 126 287 3649');
insert into management (employee_id, employee_name, employee_shift, employee_phone) values (6, 'Lesley', 'evening', '+62 572 185 0659');
insert into management (employee_id, employee_name, employee_shift, employee_phone) values (7, 'Eydie', 'evening', '+86 986 106 1717');
insert into management (employee_id, employee_name, employee_shift, employee_phone) values (8, 'Katrina', 'evening', '+62 920 200 7883');
insert into management (employee_id, employee_name, employee_shift, employee_phone) values (9, 'Sam', 'evening', '+86 480 720 5019');
insert into management (employee_id, employee_name, employee_shift, employee_phone) values (10, 'Dallas', 'afternoon', '+7 663 834 3481');
insert into management (employee_id, employee_name, employee_shift, employee_phone) values (11, 'Panchito', 'evening', '+48 492 428 7779');
insert into management (employee_id, employee_name, employee_shift, employee_phone) values (12, 'Leelah', 'evening', '+33 120 866 4640');
insert into management (employee_id, employee_name, employee_shift, employee_phone) values (13, 'Valma', 'evening', '+81 598 852 4450');
insert into management (employee_id, employee_name, employee_shift, employee_phone) values (14, 'Ettore', 'evening', '+1 816 666 8721');
insert into management (employee_id, employee_name, employee_shift, employee_phone) values (15, 'Nathanil', 'evening', '+86 685 358 4983');
insert into management (employee_id, employee_name, employee_shift, employee_phone) values (16, 'Beryl', 'evening', '+81 475 495 2511');
insert into management (employee_id, employee_name, employee_shift, employee_phone) values (17, 'Lilli', 'evening', '+51 449 218 5882');
insert into management (employee_id, employee_name, employee_shift, employee_phone) values (18, 'Marco', 'evening', '+55 598 630 0234');
insert into management (employee_id, employee_name, employee_shift, employee_phone) values (19, 'Flore', 'evening', '+226 663 721 1568');
insert into management (employee_id, employee_name, employee_shift, employee_phone) values (20, 'Tomasina', 'evening', '+880 378 188 7431');
insert into management (employee_id, employee_name, employee_shift, employee_phone) values (21, 'Marne', 'morning', '+57 768 426 4998');
insert into management (employee_id, employee_name, employee_shift, employee_phone) values (22, 'Wilden', 'morning', '+507 857 303 8781');
insert into management (employee_id, employee_name, employee_shift, employee_phone) values (23, 'Clementius', 'morning', '+62 484 154 4822');
insert into management (employee_id, employee_name, employee_shift, employee_phone) values (24, 'Kat', 'morning', '+63 952 514 3981');
insert into management (employee_id, employee_name, employee_shift, employee_phone) values (25, 'Justis', 'morning', '+1 763 666 3043');
insert into management (employee_id, employee_name, employee_shift, employee_phone) values (26, 'Georgianna', 'morning', '+86 432 436 2299');
insert into management (employee_id, employee_name, employee_shift, employee_phone) values (27, 'Almire', 'morning', '+63 320 944 2725');
insert into management (employee_id, employee_name, employee_shift, employee_phone) values (28, 'Merrily', 'morning', '+62 214 601 0046');
insert into management (employee_id, employee_name, employee_shift, employee_phone) values (29, 'Yelena', 'morning', '+55 947 759 9950');
insert into management (employee_id, employee_name, employee_shift, employee_phone) values (30, 'Cirilo', 'morning', '+62 337 196 2650');
insert into management (employee_id, employee_name, employee_shift, employee_phone) values (31, 'Christine', 'morning', '+27 707 704 1617');
insert into management (employee_id, employee_name, employee_shift, employee_phone) values (32, 'Lutero', 'morning', '+86 898 439 8138');
insert into management (employee_id, employee_name, employee_shift, employee_phone) values (33, 'Stormi', 'morning', '+62 585 723 8376');
insert into management (employee_id, employee_name, employee_shift, employee_phone) values (34, 'Temp', 'morning', '+86 538 757 7144');
insert into management (employee_id, employee_name, employee_shift, employee_phone) values (35, 'Carmella', 'morning', '+62 957 163 0966');
insert into management (employee_id, employee_name, employee_shift, employee_phone) values (36, 'Ahmad', 'morning', '+351 210 664 9670');
insert into management (employee_id, employee_name, employee_shift, employee_phone) values (37, 'Jed', 'morning', '+1 875 166 4328');
insert into management (employee_id, employee_name, employee_shift, employee_phone) values (38, 'Cora', 'morning', '+63 680 536 5662');
insert into management (employee_id, employee_name, employee_shift, employee_phone) values (39, 'Pammy', 'morning', '+375 147 326 2717');
insert into management (employee_id, employee_name, employee_shift, employee_phone) values (40, 'Francesco', 'morning', '+46 741 185 1256');
insert into management (employee_id, employee_name, employee_shift, employee_phone) values (41, 'Silvanus', 'morning', '+380 646 824 7005');
insert into management (employee_id, employee_name, employee_shift, employee_phone) values (42, 'Yulma', 'morning', '+48 384 937 6735');
insert into management (employee_id, employee_name, employee_shift, employee_phone) values (43, 'Ashley', 'morning', '+63 771 943 4444');
insert into management (employee_id, employee_name, employee_shift, employee_phone) values (44, 'Ameline', 'morning', '+237 520 184 5793');
insert into management (employee_id, employee_name, employee_shift, employee_phone) values (45, 'Maximilien', 'morning', '+224 564 249 7968');
insert into management (employee_id, employee_name, employee_shift, employee_phone) values (46, 'Dinny', 'morning', '+86 563 802 8339');
insert into management (employee_id, employee_name, employee_shift, employee_phone) values (47, 'Ruthi', 'morning', '+63 689 185 1134');
insert into management (employee_id, employee_name, employee_shift, employee_phone) values (48, 'Bing', 'morning', '+33 486 799 1776');
insert into management (employee_id, employee_name, employee_shift, employee_phone) values (49, 'Mary', 'morning', '+503 357 457 5646');
insert into management (employee_id, employee_name, employee_shift, employee_phone) values (50, 'Walther', 'morning', '+55 715 757 6497');
insert into management (employee_id, employee_name, employee_shift, employee_phone) values (51, 'Merry', 'morning', '+976 661 913 8204');
insert into management (employee_id, employee_name, employee_shift, employee_phone) values (52, 'Alisa', 'morning', '+218 222 633 8318');
insert into management (employee_id, employee_name, employee_shift, employee_phone) values (53, 'Malynda', 'morning', '+358 210 263 5339');
insert into management (employee_id, employee_name, employee_shift, employee_phone) values (54, 'Roze', 'morning', '+374 852 288 6228');
insert into management (employee_id, employee_name, employee_shift, employee_phone) values (55, 'Paulie', 'morning', '+7 301 433 6059');
insert into management (employee_id, employee_name, employee_shift, employee_phone) values (56, 'Franciskus', 'morning', '+267 822 430 6840');
insert into management (employee_id, employee_name, employee_shift, employee_phone) values (57, 'Helge', 'morning', '+51 334 186 1305');
insert into management (employee_id, employee_name, employee_shift, employee_phone) values (58, 'Giusto', 'morning', '+359 865 662 5690');
insert into management (employee_id, employee_name, employee_shift, employee_phone) values (59, 'Tiffi', 'morning', '+46 345 965 2693');
insert into management (employee_id, employee_name, employee_shift, employee_phone) values (60, 'Galvin', 'morning', '+86 240 815 3472');
insert into management (employee_id, employee_name, employee_shift, employee_phone) values (61, 'Mabelle', 'morning', '+86 211 231 0286');
insert into management (employee_id, employee_name, employee_shift, employee_phone) values (62, 'Clarita', 'morning', '+86 204 628 5996');
insert into management (employee_id, employee_name, employee_shift, employee_phone) values (63, 'Arleta', 'morning', '+677 643 675 3163');
insert into management (employee_id, employee_name, employee_shift, employee_phone) values (64, 'Billi', 'morning', '+86 398 492 8618');
insert into management (employee_id, employee_name, employee_shift, employee_phone) values (65, 'Tuckie', 'morning', '+46 322 117 3346');
insert into management (employee_id, employee_name, employee_shift, employee_phone) values (66, 'Pierson', 'morning', '+93 421 800 9740');
insert into management (employee_id, employee_name, employee_shift, employee_phone) values (67, 'Jayne', 'morning', '+63 611 321 1859');
insert into management (employee_id, employee_name, employee_shift, employee_phone) values (68, 'Doro', 'morning', '+55 359 241 6624');
insert into management (employee_id, employee_name, employee_shift, employee_phone) values (69, 'Therine', 'morning', '+33 783 390 0841');
insert into management (employee_id, employee_name, employee_shift, employee_phone) values (70, 'Aryn', 'morning', '+381 595 817 3908');
insert into management (employee_id, employee_name, employee_shift, employee_phone) values (71, 'Zarah', 'morning', '+30 413 332 5205');
insert into management (employee_id, employee_name, employee_shift, employee_phone) values (72, 'Elbertine', 'morning', '+86 830 176 9641');
insert into management (employee_id, employee_name, employee_shift, employee_phone) values (73, 'Jarrod', 'morning', '+20 783 161 3947');
insert into management (employee_id, employee_name, employee_shift, employee_phone) values (74, 'Hillier', 'morning', '+964 570 875 8691');
insert into management (employee_id, employee_name, employee_shift, employee_phone) values (75, 'Fulton', 'morning', '+62 702 377 2918');
insert into management (employee_id, employee_name, employee_shift, employee_phone) values (76, 'Stormy', 'morning', '+1 331 861 9632');
insert into management (employee_id, employee_name, employee_shift, employee_phone) values (77, 'Turner', 'morning', '+98 948 225 6829');
insert into management (employee_id, employee_name, employee_shift, employee_phone) values (78, 'Ros', 'morning', '+1 471 117 6854');
insert into management (employee_id, employee_name, employee_shift, employee_phone) values (79, 'Laure', 'morning', '+86 380 503 4655');
insert into management (employee_id, employee_name, employee_shift, employee_phone) values (80, 'Audrie', 'morning', '+62 531 437 0756');
insert into management (employee_id, employee_name, employee_shift, employee_phone) values (81, 'Mindy', 'morning', '+502 334 119 7149');
insert into management (employee_id, employee_name, employee_shift, employee_phone) values (82, 'Rosanne', 'morning', '+86 458 353 1986');
insert into management (employee_id, employee_name, employee_shift, employee_phone) values (83, 'Dall', 'morning', '+63 218 437 0350');
insert into management (employee_id, employee_name, employee_shift, employee_phone) values (84, 'Jackie', 'morning', '+49 135 681 3577');
insert into management (employee_id, employee_name, employee_shift, employee_phone) values (85, 'Bevvy', 'morning', '+81 664 884 7454');
insert into management (employee_id, employee_name, employee_shift, employee_phone) values (86, 'Berty', 'morning', '+261 379 689 5839');
insert into management (employee_id, employee_name, employee_shift, employee_phone) values (87, 'Salomon', 'morning', '+1 589 217 7767');
insert into management (employee_id, employee_name, employee_shift, employee_phone) values (88, 'Joellyn', 'morning', '+33 952 112 0937');
insert into management (employee_id, employee_name, employee_shift, employee_phone) values (89, 'Melody', 'morning', '+257 373 458 3686');
insert into management (employee_id, employee_name, employee_shift, employee_phone) values (90, 'Wrennie', 'morning', '+420 599 995 1699');
insert into management (employee_id, employee_name, employee_shift, employee_phone) values (91, 'Lauree', 'morning', '+62 340 788 3602');
insert into management (employee_id, employee_name, employee_shift, employee_phone) values (92, 'Sue', 'morning', '+7 542 953 6064');
insert into management (employee_id, employee_name, employee_shift, employee_phone) values (93, 'Dyna', 'morning', '+62 662 205 7964');
insert into management (employee_id, employee_name, employee_shift, employee_phone) values (94, 'Kati', 'morning', '+55 339 938 1855');
insert into management (employee_id, employee_name, employee_shift, employee_phone) values (95, 'Aleen', 'morning', '+86 921 127 0983');
insert into management (employee_id, employee_name, employee_shift, employee_phone) values (96, 'Audie', 'morning', '+33 468 465 0341');
insert into management (employee_id, employee_name, employee_shift, employee_phone) values (97, 'Raffarty', 'morning', '+62 718 704 2195');
insert into management (employee_id, employee_name, employee_shift, employee_phone) values (98, 'Ambrosi', 'morning', '+234 776 550 9165');
insert into management (employee_id, employee_name, employee_shift, employee_phone) values (99, 'Gussie', 'morning', '+62 949 911 8780');
insert into management (employee_id, employee_name, employee_shift, employee_phone) values (100, 'Wye', 'morning', '+62 300 737 8724');



-- supplier
SELECT * FROM mydb.supplier;
insert into supplier (supplier_id, s_delivery_charge, s_delivery_time, s_location, s_prices, employee_id) values (89, 97.05, 7, 'Kwidzyn', 333.92, 89);
insert into supplier (supplier_id, s_delivery_charge, s_delivery_time, s_location, s_prices, employee_id) values (90, 44.33, 7, 'Kurashiki', 572.54, 90);
insert into supplier (supplier_id, s_delivery_charge, s_delivery_time, s_location, s_prices, employee_id) values (91, 27.55, 1, 'Deán Funes', 673.79, 91);
insert into supplier (supplier_id, s_delivery_charge, s_delivery_time, s_location, s_prices, employee_id) values (92, 88.53, 4, 'Lancar', 232.9, 92);
insert into supplier (supplier_id, s_delivery_charge, s_delivery_time, s_location, s_prices, employee_id) values (93, 32.95, 6, 'Qinjia', 846.25, 93);
insert into supplier (supplier_id, s_delivery_charge, s_delivery_time, s_location, s_prices, employee_id) values (94, 18.7, 5, 'Maputsoe', 285.25, 94);
insert into supplier (supplier_id, s_delivery_charge, s_delivery_time, s_location, s_prices, employee_id) values (95, 7.7, 7, 'Alegre', 314.95, 95);
insert into supplier (supplier_id, s_delivery_charge, s_delivery_time, s_location, s_prices, employee_id) values (96, 76.39, 7, 'Lhabupu', 872.99, 96);
insert into supplier (supplier_id, s_delivery_charge, s_delivery_time, s_location, s_prices, employee_id) values (97, 56.12, 5, 'Leleque', 497.17, 97);
insert into supplier (supplier_id, s_delivery_charge, s_delivery_time, s_location, s_prices, employee_id) values (98, 11.47, 3, 'Lintan Chengguanzhen', 39.97, 98);
insert into supplier (supplier_id, s_delivery_charge, s_delivery_time, s_location, s_prices, employee_id) values (99, 52.94, 2, 'Bukovec', 326.37, 99);
insert into supplier (supplier_id, s_delivery_charge, s_delivery_time, s_location, s_prices, employee_id) values (100, 73.44, 4, 'Ruihong', 303.14, 100);
insert into supplier (supplier_id, s_delivery_charge, s_delivery_time, s_location, s_prices, employee_id) values (1, 40.44, 3, 'Vardane', 523.49, 1);
insert into supplier (supplier_id, s_delivery_charge, s_delivery_time, s_location, s_prices, employee_id) values (2, 17.25, 3, 'Puerto Barrios', 504.63, 2);
insert into supplier (supplier_id, s_delivery_charge, s_delivery_time, s_location, s_prices, employee_id) values (3, 40.4, 6, 'Si Narong', 414.47, 3);
insert into supplier (supplier_id, s_delivery_charge, s_delivery_time, s_location, s_prices, employee_id) values (4, 68.46, 4, 'Mercedes', 738.25, 4);
insert into supplier (supplier_id, s_delivery_charge, s_delivery_time, s_location, s_prices, employee_id) values (5, 5.25, 7, 'Lonya Chico', 970.19, 5);
insert into supplier (supplier_id, s_delivery_charge, s_delivery_time, s_location, s_prices, employee_id) values (6, 67.11, 5, 'Jinchuan', 522.81, 6);
insert into supplier (supplier_id, s_delivery_charge, s_delivery_time, s_location, s_prices, employee_id) values (7, 81.21, 2, 'Hukeng', 935.37, 7);
insert into supplier (supplier_id, s_delivery_charge, s_delivery_time, s_location, s_prices, employee_id) values (8, 71.84, 4, 'El Bauga', 311.85, 8);
insert into supplier (supplier_id, s_delivery_charge, s_delivery_time, s_location, s_prices, employee_id) values (9, 66.64, 6, 'Beiyuan', 7.67, 9);
insert into supplier (supplier_id, s_delivery_charge, s_delivery_time, s_location, s_prices, employee_id) values (10, 95.95, 6, 'Farshūţ', 788.23, 10);
insert into supplier (supplier_id, s_delivery_charge, s_delivery_time, s_location, s_prices, employee_id) values (11, 18.32, 5, 'Zhangjiayuan', 391.4, 11);
insert into supplier (supplier_id, s_delivery_charge, s_delivery_time, s_location, s_prices, employee_id) values (12, 8.36, 6, 'Jagna', 435.84, 12);
insert into supplier (supplier_id, s_delivery_charge, s_delivery_time, s_location, s_prices, employee_id) values (13, 9.35, 4, 'Tierimu', 124.62, 13);
insert into supplier (supplier_id, s_delivery_charge, s_delivery_time, s_location, s_prices, employee_id) values (14, 98.43, 4, 'Tembang', 287.94, 14);
insert into supplier (supplier_id, s_delivery_charge, s_delivery_time, s_location, s_prices, employee_id) values (15, 12.69, 7, 'Nkwerre', 477.79, 15);
insert into supplier (supplier_id, s_delivery_charge, s_delivery_time, s_location, s_prices, employee_id) values (16, 71.97, 1, 'Cruz de los Milagros', 242.47, 16);
insert into supplier (supplier_id, s_delivery_charge, s_delivery_time, s_location, s_prices, employee_id) values (17, 94.07, 6, 'Ḩadādah', 197.44, 17);
insert into supplier (supplier_id, s_delivery_charge, s_delivery_time, s_location, s_prices, employee_id) values (18, 93.43, 7, 'Matumadua', 696.31, 18);
insert into supplier (supplier_id, s_delivery_charge, s_delivery_time, s_location, s_prices, employee_id) values (19, 33.53, 7, 'Xiaozhi', 204.94, 19);
insert into supplier (supplier_id, s_delivery_charge, s_delivery_time, s_location, s_prices, employee_id) values (20, 35.2, 5, 'Xiabao', 103.29, 20);
insert into supplier (supplier_id, s_delivery_charge, s_delivery_time, s_location, s_prices, employee_id) values (21, 75.76, 6, 'Mandepa Barat', 938.68, 21);
insert into supplier (supplier_id, s_delivery_charge, s_delivery_time, s_location, s_prices, employee_id) values (22, 64.32, 6, 'Ustrzyki Dolne', 445.65, 22);
insert into supplier (supplier_id, s_delivery_charge, s_delivery_time, s_location, s_prices, employee_id) values (23, 86.81, 1, 'San Pedro Pinula', 552.22, 23);
insert into supplier (supplier_id, s_delivery_charge, s_delivery_time, s_location, s_prices, employee_id) values (24, 38.15, 2, 'Baturaja', 985.17, 24);
insert into supplier (supplier_id, s_delivery_charge, s_delivery_time, s_location, s_prices, employee_id) values (25, 27.53, 6, 'Novo Hamburgo', 112.33, 25);
insert into supplier (supplier_id, s_delivery_charge, s_delivery_time, s_location, s_prices, employee_id) values (26, 66.93, 5, 'Banjar Anyar', 19.17, 26);
insert into supplier (supplier_id, s_delivery_charge, s_delivery_time, s_location, s_prices, employee_id) values (27, 11.82, 5, 'Cartagena', 897.04, 27);
insert into supplier (supplier_id, s_delivery_charge, s_delivery_time, s_location, s_prices, employee_id) values (28, 50.18, 6, 'Lagoa Vermelha', 793.51, 28);
insert into supplier (supplier_id, s_delivery_charge, s_delivery_time, s_location, s_prices, employee_id) values (29, 26.27, 1, 'Zhitang', 116.69, 29);
insert into supplier (supplier_id, s_delivery_charge, s_delivery_time, s_location, s_prices, employee_id) values (30, 96.07, 4, 'Jiangwan', 53.66, 30);
insert into supplier (supplier_id, s_delivery_charge, s_delivery_time, s_location, s_prices, employee_id) values (31, 31.81, 7, 'Châteaudun', 221.79, 31);
insert into supplier (supplier_id, s_delivery_charge, s_delivery_time, s_location, s_prices, employee_id) values (32, 39.39, 3, 'Akebielidou', 843.42, 32);
insert into supplier (supplier_id, s_delivery_charge, s_delivery_time, s_location, s_prices, employee_id) values (33, 1.87, 5, 'Malšice', 842.29, 33);
insert into supplier (supplier_id, s_delivery_charge, s_delivery_time, s_location, s_prices, employee_id) values (34, 4.03, 7, 'Pul-e Sangī', 567.39, 34);
insert into supplier (supplier_id, s_delivery_charge, s_delivery_time, s_location, s_prices, employee_id) values (35, 21.2, 6, 'Idvor', 182.81, 35);
insert into supplier (supplier_id, s_delivery_charge, s_delivery_time, s_location, s_prices, employee_id) values (36, 45.57, 1, 'Dembéni', 776.43, 36);
insert into supplier (supplier_id, s_delivery_charge, s_delivery_time, s_location, s_prices, employee_id) values (37, 35.42, 6, 'Ban Rangsit', 416.18, 37);
insert into supplier (supplier_id, s_delivery_charge, s_delivery_time, s_location, s_prices, employee_id) values (38, 12.46, 1, 'Nová Paka', 235.54, 38);
insert into supplier (supplier_id, s_delivery_charge, s_delivery_time, s_location, s_prices, employee_id) values (39, 55.87, 7, 'Kosonsoy', 275.06, 39);
insert into supplier (supplier_id, s_delivery_charge, s_delivery_time, s_location, s_prices, employee_id) values (40, 64.51, 4, 'Hägersten', 512.56, 40);
insert into supplier (supplier_id, s_delivery_charge, s_delivery_time, s_location, s_prices, employee_id) values (41, 54.85, 5, 'Chwałowice', 329.07, 41);
insert into supplier (supplier_id, s_delivery_charge, s_delivery_time, s_location, s_prices, employee_id) values (42, 2.05, 5, 'Marsa Alam', 296.57, 42);
insert into supplier (supplier_id, s_delivery_charge, s_delivery_time, s_location, s_prices, employee_id) values (43, 60.42, 1, 'Montijo', 441.7, 43);
insert into supplier (supplier_id, s_delivery_charge, s_delivery_time, s_location, s_prices, employee_id) values (44, 63.9, 1, 'Recarei', 431.12, 44);
insert into supplier (supplier_id, s_delivery_charge, s_delivery_time, s_location, s_prices, employee_id) values (45, 81.17, 3, 'Toledo', 300.26, 45);
insert into supplier (supplier_id, s_delivery_charge, s_delivery_time, s_location, s_prices, employee_id) values (46, 66.62, 2, 'Qazax', 997.0, 46);
insert into supplier (supplier_id, s_delivery_charge, s_delivery_time, s_location, s_prices, employee_id) values (47, 67.11, 3, 'Payaman', 234.45, 47);
insert into supplier (supplier_id, s_delivery_charge, s_delivery_time, s_location, s_prices, employee_id) values (48, 66.89, 3, 'Injīl', 486.41, 48);
insert into supplier (supplier_id, s_delivery_charge, s_delivery_time, s_location, s_prices, employee_id) values (49, 52.69, 5, 'Hefei', 430.94, 49);
insert into supplier (supplier_id, s_delivery_charge, s_delivery_time, s_location, s_prices, employee_id) values (50, 66.8, 6, 'Ngeni', 425.96, 50);
insert into supplier (supplier_id, s_delivery_charge, s_delivery_time, s_location, s_prices, employee_id) values (51, 80.33, 3, 'Chengmagang', 576.11, 51);
insert into supplier (supplier_id, s_delivery_charge, s_delivery_time, s_location, s_prices, employee_id) values (52, 83.62, 7, 'Lyantonde', 191.49, 52);
insert into supplier (supplier_id, s_delivery_charge, s_delivery_time, s_location, s_prices, employee_id) values (53, 90.51, 4, 'Honghai', 222.34, 53);
insert into supplier (supplier_id, s_delivery_charge, s_delivery_time, s_location, s_prices, employee_id) values (54, 99.53, 1, 'Hövsan', 11.42, 54);
insert into supplier (supplier_id, s_delivery_charge, s_delivery_time, s_location, s_prices, employee_id) values (55, 67.1, 5, 'Kotsyubyns’ke', 630.07, 55);
insert into supplier (supplier_id, s_delivery_charge, s_delivery_time, s_location, s_prices, employee_id) values (56, 5.86, 2, 'Jamundí', 201.93, 56);
insert into supplier (supplier_id, s_delivery_charge, s_delivery_time, s_location, s_prices, employee_id) values (57, 29.73, 7, 'Upper Hell''s Gate', 775.07, 57);
insert into supplier (supplier_id, s_delivery_charge, s_delivery_time, s_location, s_prices, employee_id) values (58, 8.67, 4, 'Ciguha Tengah', 190.06, 58);
insert into supplier (supplier_id, s_delivery_charge, s_delivery_time, s_location, s_prices, employee_id) values (59, 92.99, 6, 'Santa Rosa de Aguán', 68.57, 59);
insert into supplier (supplier_id, s_delivery_charge, s_delivery_time, s_location, s_prices, employee_id) values (60, 48.06, 7, 'Duogongma', 731.19, 60);
insert into supplier (supplier_id, s_delivery_charge, s_delivery_time, s_location, s_prices, employee_id) values (61, 38.95, 2, 'Manyana', 260.08, 61);
insert into supplier (supplier_id, s_delivery_charge, s_delivery_time, s_location, s_prices, employee_id) values (62, 2.72, 2, 'Tržič', 602.15, 62);
insert into supplier (supplier_id, s_delivery_charge, s_delivery_time, s_location, s_prices, employee_id) values (63, 23.43, 2, 'Jingkou', 876.79, 63);
insert into supplier (supplier_id, s_delivery_charge, s_delivery_time, s_location, s_prices, employee_id) values (64, 72.81, 6, 'Uralo-Kavkaz', 825.97, 64);
insert into supplier (supplier_id, s_delivery_charge, s_delivery_time, s_location, s_prices, employee_id) values (65, 13.55, 3, 'Nagrumbuan', 300.08, 65);
insert into supplier (supplier_id, s_delivery_charge, s_delivery_time, s_location, s_prices, employee_id) values (66, 66.07, 2, 'Facatativá', 454.33, 66);
insert into supplier (supplier_id, s_delivery_charge, s_delivery_time, s_location, s_prices, employee_id) values (67, 47.51, 6, 'Puerto Tejada', 112.64, 67);
insert into supplier (supplier_id, s_delivery_charge, s_delivery_time, s_location, s_prices, employee_id) values (68, 39.13, 2, 'Choros', 732.49, 68);
insert into supplier (supplier_id, s_delivery_charge, s_delivery_time, s_location, s_prices, employee_id) values (69, 58.58, 5, 'New Pandanon', 739.72, 69);
insert into supplier (supplier_id, s_delivery_charge, s_delivery_time, s_location, s_prices, employee_id) values (70, 35.5, 6, 'Jinhu', 903.22, 70);
insert into supplier (supplier_id, s_delivery_charge, s_delivery_time, s_location, s_prices, employee_id) values (71, 45.52, 4, 'Ölgiy', 724.23, 71);
insert into supplier (supplier_id, s_delivery_charge, s_delivery_time, s_location, s_prices, employee_id) values (72, 47.13, 6, 'Kedungkrajan', 166.48, 72);
insert into supplier (supplier_id, s_delivery_charge, s_delivery_time, s_location, s_prices, employee_id) values (76, 22.0, 4, 'Zhaobaoshan', 738.32, 76);
insert into supplier (supplier_id, s_delivery_charge, s_delivery_time, s_location, s_prices, employee_id) values (77, 7.71, 3, 'Sambonggede', 423.75, 77);
insert into supplier (supplier_id, s_delivery_charge, s_delivery_time, s_location, s_prices, employee_id) values (78, 39.61, 4, 'Plesná', 516.2, 78);
insert into supplier (supplier_id, s_delivery_charge, s_delivery_time, s_location, s_prices, employee_id) values (79, 86.03, 3, 'Morropón', 759.53, 79);
insert into supplier (supplier_id, s_delivery_charge, s_delivery_time, s_location, s_prices, employee_id) values (80, 97.49, 1, 'Biaoshan', 391.78, 80);
insert into supplier (supplier_id, s_delivery_charge, s_delivery_time, s_location, s_prices, employee_id) values (81, 6.85, 2, 'Los Cedrales', 188.02, 81);
insert into supplier (supplier_id, s_delivery_charge, s_delivery_time, s_location, s_prices, employee_id) values (82, 27.92, 2, 'Langchi', 316.94, 82);
insert into supplier (supplier_id, s_delivery_charge, s_delivery_time, s_location, s_prices, employee_id) values (83, 49.83, 2, 'Albert Town', 958.16, 83);
insert into supplier (supplier_id, s_delivery_charge, s_delivery_time, s_location, s_prices, employee_id) values (84, 63.03, 7, 'Glória do Goitá', 498.77, 84);
insert into supplier (supplier_id, s_delivery_charge, s_delivery_time, s_location, s_prices, employee_id) values (85, 56.24, 2, 'Taremskoye', 718.56, 85);
insert into supplier (supplier_id, s_delivery_charge, s_delivery_time, s_location, s_prices, employee_id) values (86, 27.36, 1, 'Kayapa', 144.19, 86);
insert into supplier (supplier_id, s_delivery_charge, s_delivery_time, s_location, s_prices, employee_id) values (87, 39.84, 5, 'Mamali', 348.48, 87);
insert into supplier (supplier_id, s_delivery_charge, s_delivery_time, s_location, s_prices, employee_id) values (88, 73.79, 3, 'Sassandra', 374.05, 88);
insert into supplier (supplier_id, s_delivery_charge, s_delivery_time, s_location, s_prices, employee_id) values (73, 36.35, 4, 'Kushtia', 749.83, 73);
insert into supplier (supplier_id, s_delivery_charge, s_delivery_time, s_location, s_prices, employee_id) values (74, 60.24, 6, 'Bayabas', 248.58, 74);
insert into supplier (supplier_id, s_delivery_charge, s_delivery_time, s_location, s_prices, employee_id) values (75, 82.72, 1, 'Queimados', 433.38, 75);


-- MEDICINE
SELECT * FROM mydb.medicine;
insert into medicine (medicine_id, m_storage_temp, m_concentration, m_name, m_price, m_expiry_data, m_recommended_dosage, m_quantity, supplier_id, employee_id) values (1, 36, 77.46, 'Acetaminophen', 636.68, '02/12/2022', 3, 908, 1, 1);
insert into medicine (medicine_id, m_storage_temp, m_concentration, m_name, m_price, m_expiry_data, m_recommended_dosage, m_quantity, supplier_id, employee_id) values (2, 45, 97.04, 'Adderall', 526.07, '22/11/2022', 1, 769, 2, 2);
insert into medicine (medicine_id, m_storage_temp, m_concentration, m_name, m_price, m_expiry_data, m_recommended_dosage, m_quantity, supplier_id, employee_id) values (3, 89, 26.92, 'Amitripyline', 774.43, '10/05/2022', 1, 505, 3, 3);
insert into medicine (medicine_id, m_storage_temp, m_concentration, m_name, m_price, m_expiry_data, m_recommended_dosage, m_quantity, supplier_id, employee_id) values (4, 19, 93.88, 'Amlodipine', 279.74, '13/02/2022', 1, 859, 4, 4);
insert into medicine (medicine_id, m_storage_temp, m_concentration, m_name, m_price, m_expiry_data, m_recommended_dosage, m_quantity, supplier_id, employee_id) values (5, 91, 62.52, 'Ativan', 101.67, '01/01/2023', 1, 112, 5, 5);
insert into medicine (medicine_id, m_storage_temp, m_concentration, m_name, m_price, m_expiry_data, m_recommended_dosage, m_quantity, supplier_id, employee_id) values (6, 35, 12.17, 'Lyrica', 337.31, '28/05/2022', 2, 361, 6, 6);
insert into medicine (medicine_id, m_storage_temp, m_concentration, m_name, m_price, m_expiry_data, m_recommended_dosage, m_quantity, supplier_id, employee_id) values (7, 85, 11.19, 'Januvia', 325.61, '02/03/2022', 1, 324, 7, 7);
insert into medicine (medicine_id, m_storage_temp, m_concentration, m_name, m_price, m_expiry_data, m_recommended_dosage, m_quantity, supplier_id, employee_id) values (8, 56, 31.36, 'Lexapro', 753.77, '10/11/2022', 2, 720, 8, 8);
insert into medicine (medicine_id, m_storage_temp, m_concentration, m_name, m_price, m_expiry_data, m_recommended_dosage, m_quantity, supplier_id, employee_id) values (9, 67, 44.62, 'disprin', 67.96, '01/04/2022', 2, 485, 9, 9);
insert into medicine (medicine_id, m_storage_temp, m_concentration, m_name, m_price, m_expiry_data, m_recommended_dosage, m_quantity, supplier_id, employee_id) values (10, 64, 83.59, 'Melatonin', 373.19, '11/07/2022', 3, 111, 10, 10);
insert into medicine (medicine_id, m_storage_temp, m_concentration, m_name, m_price, m_expiry_data, m_recommended_dosage, m_quantity, supplier_id, employee_id) values (11, 78, 45.44, 'Onpattro', 163.4, '31/03/2022', 2, 34, 11, 11);
insert into medicine (medicine_id, m_storage_temp, m_concentration, m_name, m_price, m_expiry_data, m_recommended_dosage, m_quantity, supplier_id, employee_id) values (12, 21, 50.09, 'Fluconazole', 833.44, '26/11/2022', 2, 198, 12, 12);
insert into medicine (medicine_id, m_storage_temp, m_concentration, m_name, m_price, m_expiry_data, m_recommended_dosage, m_quantity, supplier_id, employee_id) values (13, 42, 77.02, 'Azithromycin', 823.67, '18/07/2022', 1, 363, 13, 13);
insert into medicine (medicine_id, m_storage_temp, m_concentration, m_name, m_price, m_expiry_data, m_recommended_dosage, m_quantity, supplier_id, employee_id) values (14, 78, 72.4, 'Atenolol', 414.92, '03/06/2022', 3, 803, 14, 14);
insert into medicine (medicine_id, m_storage_temp, m_concentration, m_name, m_price, m_expiry_data, m_recommended_dosage, m_quantity, supplier_id, employee_id) values (15, 84, 33.39, 'toxicodendron', 223.12, '11/03/2022', 1, 901, 15, 15);
insert into medicine (medicine_id, m_storage_temp, m_concentration, m_name, m_price, m_expiry_data, m_recommended_dosage, m_quantity, supplier_id, employee_id) values (16, 84, 67.85, 'dipyrda', 214.49, '26/11/2022', 3, 645, 16, 16);
insert into medicine (medicine_id, m_storage_temp, m_concentration, m_name, m_price, m_expiry_data, m_recommended_dosage, m_quantity, supplier_id, employee_id) values (17, 98, 20.77, 'stavudine', 402.82, '05/02/2023', 3, 397, 17, 17);
insert into medicine (medicine_id, m_storage_temp, m_concentration, m_name, m_price, m_expiry_data, m_recommended_dosage, m_quantity, supplier_id, employee_id) values (18, 48, 5.26, 'Gabapentin', 115.01, '05/10/2022', 1, 308, 18, 18);
insert into medicine (medicine_id, m_storage_temp, m_concentration, m_name, m_price, m_expiry_data, m_recommended_dosage, m_quantity, supplier_id, employee_id) values (19, 88, 28.97, 'Lorazepam', 906.46, '02/06/2022', 2, 872, 19, 19);
insert into medicine (medicine_id, m_storage_temp, m_concentration, m_name, m_price, m_expiry_data, m_recommended_dosage, m_quantity, supplier_id, employee_id) values (20, 27, 29.3, 'Clotrimazole', 692.44, '21/03/2022', 2, 833, 20, 20);
insert into medicine (medicine_id, m_storage_temp, m_concentration, m_name, m_price, m_expiry_data, m_recommended_dosage, m_quantity, supplier_id, employee_id) values (21, 93, 90.09, 'Mannitol', 168.37, '29/07/2022', 3, 776, 21, 21);
insert into medicine (medicine_id, m_storage_temp, m_concentration, m_name, m_price, m_expiry_data, m_recommended_dosage, m_quantity, supplier_id, employee_id) values (22, 32, 41.62, 'Acetaminophen', 381.57, '23/11/2022', 1, 27, 22, 22);
insert into medicine (medicine_id, m_storage_temp, m_concentration, m_name, m_price, m_expiry_data, m_recommended_dosage, m_quantity, supplier_id, employee_id) values (23, 19, 2.52, 'Alcohol', 51.9, '28/08/2022', 3, 449, 23, 23);
insert into medicine (medicine_id, m_storage_temp, m_concentration, m_name, m_price, m_expiry_data, m_recommended_dosage, m_quantity, supplier_id, employee_id) values (24, 68, 13.55, 'Loratadine', 301.73, '11/08/2022', 3, 119, 24, 24);
insert into medicine (medicine_id, m_storage_temp, m_concentration, m_name, m_price, m_expiry_data, m_recommended_dosage, m_quantity, supplier_id, employee_id) values (25, 61, 30.21, 'Sevoflurane', 949.8, '26/05/2022', 2, 344, 25, 25);
insert into medicine (medicine_id, m_storage_temp, m_concentration, m_name, m_price, m_expiry_data, m_recommended_dosage, m_quantity, supplier_id, employee_id) values (26, 56, 76.9, 'sulfur', 754.92, '27/01/2023', 1, 767, 26, 26);
insert into medicine (medicine_id, m_storage_temp, m_concentration, m_name, m_price, m_expiry_data, m_recommended_dosage, m_quantity, supplier_id, employee_id) values (27, 20, 87.6, 'Hydroquinone', 605.92, '25/10/2022', 1, 934, 27, 27);
insert into medicine (medicine_id, m_storage_temp, m_concentration, m_name, m_price, m_expiry_data, m_recommended_dosage, m_quantity, supplier_id, employee_id) values (28, 77, 75.5, 'Acetaminophen', 543.15, '30/10/2022', 3, 619, 28, 28);
insert into medicine (medicine_id, m_storage_temp, m_concentration, m_name, m_price, m_expiry_data, m_recommended_dosage, m_quantity, supplier_id, employee_id) values (29, 55, 88.1, 'Benzocaine', 612.25, '22/12/2022', 1, 403, 29, 29);
insert into medicine (medicine_id, m_storage_temp, m_concentration, m_name, m_price, m_expiry_data, m_recommended_dosage, m_quantity, supplier_id, employee_id) values (30, 37, 6.5, 'Triclocarban', 547.09, '12/03/2022', 2, 709, 30, 30);
insert into medicine (medicine_id, m_storage_temp, m_concentration, m_name, m_price, m_expiry_data, m_recommended_dosage, m_quantity, supplier_id, employee_id) values (31, 86, 13.97, 'Cetirizine', 172.14, '21/09/2022', 1, 424, 31, 31);
insert into medicine (medicine_id, m_storage_temp, m_concentration, m_name, m_price, m_expiry_data, m_recommended_dosage, m_quantity, supplier_id, employee_id) values (32, 48, 56.82, 'Metformin', 227.06, '23/07/2022', 3, 55, 32, 32);
insert into medicine (medicine_id, m_storage_temp, m_concentration, m_name, m_price, m_expiry_data, m_recommended_dosage, m_quantity, supplier_id, employee_id) values (33, 100, 79.17, 'Divalproex', 178.82, '23/02/2022', 3, 123, 33, 33);
insert into medicine (medicine_id, m_storage_temp, m_concentration, m_name, m_price, m_expiry_data, m_recommended_dosage, m_quantity, supplier_id, employee_id) values (34, 56, 46.37, 'Calendula', 779.67, '12/12/2022', 2, 904, 34, 34);
insert into medicine (medicine_id, m_storage_temp, m_concentration, m_name, m_price, m_expiry_data, m_recommended_dosage, m_quantity, supplier_id, employee_id) values (35, 18, 9.32, 'mycobacterium', 631.35, '20/11/2022', 1, 690, 35, 35);
insert into medicine (medicine_id, m_storage_temp, m_concentration, m_name, m_price, m_expiry_data, m_recommended_dosage, m_quantity, supplier_id, employee_id) values (36, 95, 39.85, 'Lactulose', 688.06, '23/07/2022', 1, 576, 36, 36);
insert into medicine (medicine_id, m_storage_temp, m_concentration, m_name, m_price, m_expiry_data, m_recommended_dosage, m_quantity, supplier_id, employee_id) values (37, 58, 84.91, 'nabumetone', 466.56, '03/05/2022', 2, 85, 37, 37);
insert into medicine (medicine_id, m_storage_temp, m_concentration, m_name, m_price, m_expiry_data, m_recommended_dosage, m_quantity, supplier_id, employee_id) values (38, 17, 52.26, 'Triclosan', 947.61, '13/03/2022', 3, 919, 38, 38);
insert into medicine (medicine_id, m_storage_temp, m_concentration, m_name, m_price, m_expiry_data, m_recommended_dosage, m_quantity, supplier_id, employee_id) values (39, 88, 3.78, 'Fluoride', 220.27, '29/07/2022', 3, 8, 39, 39);
insert into medicine (medicine_id, m_storage_temp, m_concentration, m_name, m_price, m_expiry_data, m_recommended_dosage, m_quantity, supplier_id, employee_id) values (40, 79, 93.43, 'Caffeine', 372.55, '13/07/2022', 2, 631, 40, 40);
insert into medicine (medicine_id, m_storage_temp, m_concentration, m_name, m_price, m_expiry_data, m_recommended_dosage, m_quantity, supplier_id, employee_id) values (41, 50, 33.69, 'Pyrithione', 868.22, '11/10/2022', 3, 797, 41, 41);
insert into medicine (medicine_id, m_storage_temp, m_concentration, m_name, m_price, m_expiry_data, m_recommended_dosage, m_quantity, supplier_id, employee_id) values (42, 47, 21.25, 'Benzocaine', 409.27, '12/01/2023', 2, 841, 42, 42);
insert into medicine (medicine_id, m_storage_temp, m_concentration, m_name, m_price, m_expiry_data, m_recommended_dosage, m_quantity, supplier_id, employee_id) values (43, 49, 35.29, 'Darkleaves', 928.78, '08/01/2023', 3, 804, 43, 43);
insert into medicine (medicine_id, m_storage_temp, m_concentration, m_name, m_price, m_expiry_data, m_recommended_dosage, m_quantity, supplier_id, employee_id) values (44, 60, 17.03, 'Divalproex', 291.97, '27/04/2022', 1, 623, 44, 44);
insert into medicine (medicine_id, m_storage_temp, m_concentration, m_name, m_price, m_expiry_data, m_recommended_dosage, m_quantity, supplier_id, employee_id) values (45, 59, 95.12, 'officinalis', 490.62, '19/04/2022', 1, 327, 45, 45);
insert into medicine (medicine_id, m_storage_temp, m_concentration, m_name, m_price, m_expiry_data, m_recommended_dosage, m_quantity, supplier_id, employee_id) values (46, 28, 79.36, 'streptococcus', 29.86, '19/05/2022', 1, 297, 46, 46);
insert into medicine (medicine_id, m_storage_temp, m_concentration, m_name, m_price, m_expiry_data, m_recommended_dosage, m_quantity, supplier_id, employee_id) values (47, 57, 82.87, 'immunoserum', 700.42, '12/10/2022', 3, 15, 47, 47);
insert into medicine (medicine_id, m_storage_temp, m_concentration, m_name, m_price, m_expiry_data, m_recommended_dosage, m_quantity, supplier_id, employee_id) values (48, 100, 35.5, 'pyogenes', 121.77, '14/12/2022', 3, 783, 48, 48);
insert into medicine (medicine_id, m_storage_temp, m_concentration, m_name, m_price, m_expiry_data, m_recommended_dosage, m_quantity, supplier_id, employee_id) values (49, 51, 29.41, 'rabbit', 838.14, '01/12/2022', 2, 367, 49, 49);
insert into medicine (medicine_id, m_storage_temp, m_concentration, m_name, m_price, m_expiry_data, m_recommended_dosage, m_quantity, supplier_id, employee_id) values (50, 35, 4.85, 'Ambra', 172.59, '14/07/2022', 1, 280, 50, 50);
insert into medicine (medicine_id, m_storage_temp, m_concentration, m_name, m_price, m_expiry_data, m_recommended_dosage, m_quantity, supplier_id, employee_id) values (51, 99, 77.14, 'Anacardium', 672.56, '05/02/2023', 1, 244, 51, 51);
insert into medicine (medicine_id, m_storage_temp, m_concentration, m_name, m_price, m_expiry_data, m_recommended_dosage, m_quantity, supplier_id, employee_id) values (52, 84, 31.66, 'orientale', 263.51, '10/09/2022', 2, 528, 52, 52);
insert into medicine (medicine_id, m_storage_temp, m_concentration, m_name, m_price, m_expiry_data, m_recommended_dosage, m_quantity, supplier_id, employee_id) values (53, 97, 17.87, 'Arg', 841.97, '20/05/2022', 2, 989, 53, 53);
insert into medicine (medicine_id, m_storage_temp, m_concentration, m_name, m_price, m_expiry_data, m_recommended_dosage, m_quantity, supplier_id, employee_id) values (54, 82, 34.06, 'Cimicifuga', 941.31, '27/11/2022', 1, 544, 54, 54);
insert into medicine (medicine_id, m_storage_temp, m_concentration, m_name, m_price, m_expiry_data, m_recommended_dosage, m_quantity, supplier_id, employee_id) values (55, 85, 25.83, 'Cypripedium', 178.26, '09/03/2022', 3, 810, 55, 55);
insert into medicine (medicine_id, m_storage_temp, m_concentration, m_name, m_price, m_expiry_data, m_recommended_dosage, m_quantity, supplier_id, employee_id) values (56, 99, 31.45, 'Gelsemium', 967.82, '08/02/2023', 1, 536, 56, 56);
insert into medicine (medicine_id, m_storage_temp, m_concentration, m_name, m_price, m_expiry_data, m_recommended_dosage, m_quantity, supplier_id, employee_id) values (57, 42, 44.09, 'Hyoscyamus', 207.76, '16/01/2023', 2, 888, 57, 57);
insert into medicine (medicine_id, m_storage_temp, m_concentration, m_name, m_price, m_expiry_data, m_recommended_dosage, m_quantity, supplier_id, employee_id) values (58, 82, 39.13, 'Hypericum', 938.79, '22/03/2022', 2, 663, 58, 58);
insert into medicine (medicine_id, m_storage_temp, m_concentration, m_name, m_price, m_expiry_data, m_recommended_dosage, m_quantity, supplier_id, employee_id) values (59, 13, 87.43, 'Ignatia', 910.05, '01/02/2023', 1, 263, 59, 59);
insert into medicine (medicine_id, m_storage_temp, m_concentration, m_name, m_price, m_expiry_data, m_recommended_dosage, m_quantity, supplier_id, employee_id) values (60, 48, 83.95, 'Sambucus', 533.03, '02/01/2023', 1, 21, 60, 60);
insert into medicine (medicine_id, m_storage_temp, m_concentration, m_name, m_price, m_expiry_data, m_recommended_dosage, m_quantity, supplier_id, employee_id) values (61, 91, 56.75, 'promethazine', 806.95, '20/10/2022', 2, 559, 61, 61);
insert into medicine (medicine_id, m_storage_temp, m_concentration, m_name, m_price, m_expiry_data, m_recommended_dosage, m_quantity, supplier_id, employee_id) values (62, 54, 54.37, 'codeine', 193.87, '24/06/2022', 1, 724, 62, 62);
insert into medicine (medicine_id, m_storage_temp, m_concentration, m_name, m_price, m_expiry_data, m_recommended_dosage, m_quantity, supplier_id, employee_id) values (63, 3, 38.53, 'Sesquioxide', 54.27, '24/06/2022', 1, 692, 63, 63);
insert into medicine (medicine_id, m_storage_temp, m_concentration, m_name, m_price, m_expiry_data, m_recommended_dosage, m_quantity, supplier_id, employee_id) values (64, 32, 76.29, 'Cyclophosphoricum', 989.03, '15/03/2022', 2, 641, 64, 64);
insert into medicine (medicine_id, m_storage_temp, m_concentration, m_name, m_price, m_expiry_data, m_recommended_dosage, m_quantity, supplier_id, employee_id) values (65, 86, 39.94, 'Mercurius', 349.32, '05/06/2022', 2, 858, 65, 65);
insert into medicine (medicine_id, m_storage_temp, m_concentration, m_name, m_price, m_expiry_data, m_recommended_dosage, m_quantity, supplier_id, employee_id) values (66, 55, 39.09, 'Flavus', 567.75, '15/01/2023', 2, 521, 66, 66);
insert into medicine (medicine_id, m_storage_temp, m_concentration, m_name, m_price, m_expiry_data, m_recommended_dosage, m_quantity, supplier_id, employee_id) values (67, 41, 4.65, 'Euphorbia', 229.61, '26/11/2022', 3, 632, 67, 67);
insert into medicine (medicine_id, m_storage_temp, m_concentration, m_name, m_price, m_expiry_data, m_recommended_dosage, m_quantity, supplier_id, employee_id) values (68, 5, 47.47, 'lathyris', 149.33, '24/01/2023', 2, 809, 68, 68);
insert into medicine (medicine_id, m_storage_temp, m_concentration, m_name, m_price, m_expiry_data, m_recommended_dosage, m_quantity, supplier_id, employee_id) values (69, 12, 24.82, 'Ingrezza', 966.98, '06/03/2022', 1, 191, 69, 69);
insert into medicine (medicine_id, m_storage_temp, m_concentration, m_name, m_price, m_expiry_data, m_recommended_dosage, m_quantity, supplier_id, employee_id) values (70, 4, 95.59, 'nsulin Aspart', 346.18, '25/01/2023', 3, 949, 70, 70);
insert into medicine (medicine_id, m_storage_temp, m_concentration, m_name, m_price, m_expiry_data, m_recommended_dosage, m_quantity, supplier_id, employee_id) values (71, 47, 25.84, 'Intuniv', 208.55, '09/07/2022', 1, 91, 71, 71);
insert into medicine (medicine_id, m_storage_temp, m_concentration, m_name, m_price, m_expiry_data, m_recommended_dosage, m_quantity, supplier_id, employee_id) values (72, 16, 38.42, 'Invokana', 317.76, '12/02/2022', 3, 675, 72, 72);
insert into medicine (medicine_id, m_storage_temp, m_concentration, m_name, m_price, m_expiry_data, m_recommended_dosage, m_quantity, supplier_id, employee_id) values (73, 60, 93.43, 'Quinapril', 596.33, '24/07/2022', 1, 261, 73, 73);
insert into medicine (medicine_id, m_storage_temp, m_concentration, m_name, m_price, m_expiry_data, m_recommended_dosage, m_quantity, supplier_id, employee_id) values (74, 3, 22.3, 'Qulipta', 73.18, '12/08/2022', 2, 215, 74, 74);
insert into medicine (medicine_id, m_storage_temp, m_concentration, m_name, m_price, m_expiry_data, m_recommended_dosage, m_quantity, supplier_id, employee_id) values (75, 93, 15.74, 'Qualaquin', 530.13, '29/08/2022', 2, 439, 75, 75);
insert into medicine (medicine_id, m_storage_temp, m_concentration, m_name, m_price, m_expiry_data, m_recommended_dosage, m_quantity, supplier_id, employee_id) values (76, 13, 97.93, 'Rinvoq', 596.21, '07/12/2022', 3, 577, 76, 76);
insert into medicine (medicine_id, m_storage_temp, m_concentration, m_name, m_price, m_expiry_data, m_recommended_dosage, m_quantity, supplier_id, employee_id) values (77, 29, 4.84, 'Risperdal', 995.26, '12/02/2022', 2, 544, 77, 77);
insert into medicine (medicine_id, m_storage_temp, m_concentration, m_name, m_price, m_expiry_data, m_recommended_dosage, m_quantity, supplier_id, employee_id) values (78, 34, 8.21, 'Risperidone', 110.1, '15/07/2022', 2, 878, 78, 78);
insert into medicine (medicine_id, m_storage_temp, m_concentration, m_name, m_price, m_expiry_data, m_recommended_dosage, m_quantity, supplier_id, employee_id) values (79, 100, 80.15, 'Rivastigmine', 783.25, '03/08/2022', 3, 350, 79, 79);
insert into medicine (medicine_id, m_storage_temp, m_concentration, m_name, m_price, m_expiry_data, m_recommended_dosage, m_quantity, supplier_id, employee_id) values (80, 6, 22.64, 'Rytary', 932.51, '13/09/2022', 3, 168, 80, 80);
insert into medicine (medicine_id, m_storage_temp, m_concentration, m_name, m_price, m_expiry_data, m_recommended_dosage, m_quantity, supplier_id, employee_id) values (81, 4, 10.2, 'Erleada', 611.89, '02/03/2022', 1, 341, 81, 81);
insert into medicine (medicine_id, m_storage_temp, m_concentration, m_name, m_price, m_expiry_data, m_recommended_dosage, m_quantity, supplier_id, employee_id) values (82, 28, 34.86, 'Escitalopram', 774.83, '09/06/2022', 3, 231, 82, 82);
insert into medicine (medicine_id, m_storage_temp, m_concentration, m_name, m_price, m_expiry_data, m_recommended_dosage, m_quantity, supplier_id, employee_id) values (83, 59, 95.76, 'Etanercept', 99.78, '17/10/2022', 1, 652, 83, 83);
insert into medicine (medicine_id, m_storage_temp, m_concentration, m_name, m_price, m_expiry_data, m_recommended_dosage, m_quantity, supplier_id, employee_id) values (84, 55, 62.76, 'Emgality', 571.93, '26/08/2022', 1, 613, 84, 84);
insert into medicine (medicine_id, m_storage_temp, m_concentration, m_name, m_price, m_expiry_data, m_recommended_dosage, m_quantity, supplier_id, employee_id) values (85, 68, 56.76, 'Euthyrox', 611.76, '25/02/2022', 1, 408, 85, 85);
insert into medicine (medicine_id, m_storage_temp, m_concentration, m_name, m_price, m_expiry_data, m_recommended_dosage, m_quantity, supplier_id, employee_id) values (86, 10, 75.81, 'Uplizna', 118.97, '22/09/2022', 3, 643, 86, 86);
insert into medicine (medicine_id, m_storage_temp, m_concentration, m_name, m_price, m_expiry_data, m_recommended_dosage, m_quantity, supplier_id, employee_id) values (87, 43, 2.07, 'Ultomiris', 219.39, '22/11/2022', 1, 310, 87, 87);
insert into medicine (medicine_id, m_storage_temp, m_concentration, m_name, m_price, m_expiry_data, m_recommended_dosage, m_quantity, supplier_id, employee_id) values (88, 38, 5.31, 'Lixisenatide', 954.4, '19/11/2022', 2, 915, 88, 88);
insert into medicine (medicine_id, m_storage_temp, m_concentration, m_name, m_price, m_expiry_data, m_recommended_dosage, m_quantity, supplier_id, employee_id) values (89, 58, 86.3, 'Lomotil', 383.86, '28/11/2022', 3, 118, 89, 89);
insert into medicine (medicine_id, m_storage_temp, m_concentration, m_name, m_price, m_expiry_data, m_recommended_dosage, m_quantity, supplier_id, employee_id) values (90, 70, 98.5, 'Lorlatinib', 522.73, '17/08/2022', 2, 880, 90, 90);
insert into medicine (medicine_id, m_storage_temp, m_concentration, m_name, m_price, m_expiry_data, m_recommended_dosage, m_quantity, supplier_id, employee_id) values (91, 2, 70.33, 'Botox', 448.65, '04/01/2023', 1, 116, 91, 91);
insert into medicine (medicine_id, m_storage_temp, m_concentration, m_name, m_price, m_expiry_data, m_recommended_dosage, m_quantity, supplier_id, employee_id) values (92, 30, 89.44, 'Risperdal', 723.67, '15/08/2022', 3, 698, 92, 92);
insert into medicine (medicine_id, m_storage_temp, m_concentration, m_name, m_price, m_expiry_data, m_recommended_dosage, m_quantity, supplier_id, employee_id) values (93, 32, 40.52, 'Rydapt', 130.05, '24/04/2022', 3, 401, 93, 93);
insert into medicine (medicine_id, m_storage_temp, m_concentration, m_name, m_price, m_expiry_data, m_recommended_dosage, m_quantity, supplier_id, employee_id) values (94, 55, 41.62, 'Isotretinoin', 325.41, '15/05/2022', 2, 896, 94, 94);
insert into medicine (medicine_id, m_storage_temp, m_concentration, m_name, m_price, m_expiry_data, m_recommended_dosage, m_quantity, supplier_id, employee_id) values (95, 18, 47.88, 'Increlex', 10.3, '30/01/2023', 1, 207, 95, 95);
insert into medicine (medicine_id, m_storage_temp, m_concentration, m_name, m_price, m_expiry_data, m_recommended_dosage, m_quantity, supplier_id, employee_id) values (96, 2, 61.92, 'Trazodone', 415.72, '20/11/2022', 3, 941, 96, 96);
insert into medicine (medicine_id, m_storage_temp, m_concentration, m_name, m_price, m_expiry_data, m_recommended_dosage, m_quantity, supplier_id, employee_id) values (97, 46, 15.57, 'Tresiba', 936.28, '15/04/2022', 1, 789, 97, 97);
insert into medicine (medicine_id, m_storage_temp, m_concentration, m_name, m_price, m_expiry_data, m_recommended_dosage, m_quantity, supplier_id, employee_id) values (98, 1, 84.59, 'Triptorelin', 585.04, '02/02/2023', 2, 733, 98, 98);
insert into medicine (medicine_id, m_storage_temp, m_concentration, m_name, m_price, m_expiry_data, m_recommended_dosage, m_quantity, supplier_id, employee_id) values (99, 36, 67.35, 'Zovirax', 444.43, '31/03/2022', 2, 177, 99, 99);
insert into medicine (medicine_id, m_storage_temp, m_concentration, m_name, m_price, m_expiry_data, m_recommended_dosage, m_quantity, supplier_id, employee_id) values (100, 18, 45.08, 'Zyprexa', 540.48, '17/11/2022', 2, 993, 100, 100);


-- PHONEnumber
SELECT * FROM mydb.phone_number;
INSERT INTO mydb.phone_number (user_id , p_phone_number)
SELECT user_id , p_phone_number
FROM patient;


-- DOCTORcart
SELECT * FROM mydb.doctor_cart;
INSERT INTO mydb.doctor_cart (user_id , doctor_id)
SELECT user_id , doctor_id
FROM patient , doctor;



-- get lab tests
SELECT * FROM mydb.`get lab tests`;
insert into `get lab tests` (get_lab_test_id, glt_time, glt_location, glt_fasting_time, glt_type, glt_data, glt_mode, glt_cost) values (1, '16/04/2022', 'Izvestkovyy', 1, 'blood', 'null', 'offline', 314.76);
insert into `get lab tests` (get_lab_test_id, glt_time, glt_location, glt_fasting_time, glt_type, glt_data, glt_mode, glt_cost) values (2, '24/01/2023', 'Bacalan', 2, 'blood', 'null', 'offline', 564.86);
insert into `get lab tests` (get_lab_test_id, glt_time, glt_location, glt_fasting_time, glt_type, glt_data, glt_mode, glt_cost) values (3, '16/06/2022', 'Strzelin', 2, 'blood', 'null', 'offline', 391.06);
insert into `get lab tests` (get_lab_test_id, glt_time, glt_location, glt_fasting_time, glt_type, glt_data, glt_mode, glt_cost) values (4, '15/08/2022', 'Dongfeng', 3, 'blood', 'null', 'offline', 184.0);
insert into `get lab tests` (get_lab_test_id, glt_time, glt_location, glt_fasting_time, glt_type, glt_data, glt_mode, glt_cost) values (5, '15/11/2022', 'Shāhdādkot', 1, 'blood', 'null', 'offline', 693.68);
insert into `get lab tests` (get_lab_test_id, glt_time, glt_location, glt_fasting_time, glt_type, glt_data, glt_mode, glt_cost) values (6, '28/12/2022', 'Curug', 2, 'blood', 'null', 'offline', 408.79);
insert into `get lab tests` (get_lab_test_id, glt_time, glt_location, glt_fasting_time, glt_type, glt_data, glt_mode, glt_cost) values (7, '18/07/2022', 'Mossel Bay', 1, 'blood', 'null', 'offline', 900.26);
insert into `get lab tests` (get_lab_test_id, glt_time, glt_location, glt_fasting_time, glt_type, glt_data, glt_mode, glt_cost) values (8, '07/04/2022', 'Yangpu', 3, 'blood', 'null', 'offline', 224.47);
insert into `get lab tests` (get_lab_test_id, glt_time, glt_location, glt_fasting_time, glt_type, glt_data, glt_mode, glt_cost) values (9, '11/05/2022', 'Meiyuan', 3, 'blood', 'null', 'offline', 451.62);
insert into `get lab tests` (get_lab_test_id, glt_time, glt_location, glt_fasting_time, glt_type, glt_data, glt_mode, glt_cost) values (10, '05/06/2022', 'Nong Khae', 1, 'blood', 'null', 'offline', 597.08);
insert into `get lab tests` (get_lab_test_id, glt_time, glt_location, glt_fasting_time, glt_type, glt_data, glt_mode, glt_cost) values (11, '18/11/2022', 'Kez', 6, 'blood', 'null', 'offline', 876.33);
insert into `get lab tests` (get_lab_test_id, glt_time, glt_location, glt_fasting_time, glt_type, glt_data, glt_mode, glt_cost) values (12, '10/08/2022', 'Jucás', 2, 'blood', 'null', 'offline', 627.32);
insert into `get lab tests` (get_lab_test_id, glt_time, glt_location, glt_fasting_time, glt_type, glt_data, glt_mode, glt_cost) values (13, '09/05/2022', 'Soissons', 2, 'blood', 'null', 'offline', 128.71);
insert into `get lab tests` (get_lab_test_id, glt_time, glt_location, glt_fasting_time, glt_type, glt_data, glt_mode, glt_cost) values (14, '15/01/2023', 'Gusinoozyorsk', 5, 'blood', 'null', 'offline', 333.31);
insert into `get lab tests` (get_lab_test_id, glt_time, glt_location, glt_fasting_time, glt_type, glt_data, glt_mode, glt_cost) values (15, '21/11/2022', 'Cabittaogan', 5, 'blood', 'null', 'offline', 857.59);
insert into `get lab tests` (get_lab_test_id, glt_time, glt_location, glt_fasting_time, glt_type, glt_data, glt_mode, glt_cost) values (16, '16/04/2022', 'Fresno', 5, 'blood', 'null', 'offline', 924.16);
insert into `get lab tests` (get_lab_test_id, glt_time, glt_location, glt_fasting_time, glt_type, glt_data, glt_mode, glt_cost) values (17, '23/12/2022', 'Malahide', 3, 'blood', 'null', 'offline', 629.95);
insert into `get lab tests` (get_lab_test_id, glt_time, glt_location, glt_fasting_time, glt_type, glt_data, glt_mode, glt_cost) values (18, '04/11/2022', 'Dengok', 1, 'heart', 'null', 'offline', 478.56);
insert into `get lab tests` (get_lab_test_id, glt_time, glt_location, glt_fasting_time, glt_type, glt_data, glt_mode, glt_cost) values (19, '20/08/2022', 'Gongdanglegi Kulon', 3, 'heart', 'null', 'offline', 314.64);
insert into `get lab tests` (get_lab_test_id, glt_time, glt_location, glt_fasting_time, glt_type, glt_data, glt_mode, glt_cost) values (20, '14/03/2022', 'Arţās', 5, 'heart', 'null', 'offline', 83.89);
insert into `get lab tests` (get_lab_test_id, glt_time, glt_location, glt_fasting_time, glt_type, glt_data, glt_mode, glt_cost) values (21, '10/10/2022', 'Tayug', 1, 'heart', 'null', 'offline', 986.3);
insert into `get lab tests` (get_lab_test_id, glt_time, glt_location, glt_fasting_time, glt_type, glt_data, glt_mode, glt_cost) values (22, '15/09/2022', 'Tianxin', 5, 'heart', 'null', 'offline', 296.48);
insert into `get lab tests` (get_lab_test_id, glt_time, glt_location, glt_fasting_time, glt_type, glt_data, glt_mode, glt_cost) values (23, '05/12/2022', 'Cullinan', 3, 'heart', 'null', 'offline', 819.15);
insert into `get lab tests` (get_lab_test_id, glt_time, glt_location, glt_fasting_time, glt_type, glt_data, glt_mode, glt_cost) values (24, '05/03/2022', 'Dayr Mawās', 2, 'heart', 'null', 'offline', 132.2);
insert into `get lab tests` (get_lab_test_id, glt_time, glt_location, glt_fasting_time, glt_type, glt_data, glt_mode, glt_cost) values (25, '06/04/2022', 'Chimichagua', 4, 'heart', 'null', 'offline', 688.58);
insert into `get lab tests` (get_lab_test_id, glt_time, glt_location, glt_fasting_time, glt_type, glt_data, glt_mode, glt_cost) values (26, '12/06/2022', 'Rosh HaAyin', 7, 'heart', 'null', 'offline', 140.28);
insert into `get lab tests` (get_lab_test_id, glt_time, glt_location, glt_fasting_time, glt_type, glt_data, glt_mode, glt_cost) values (27, '27/06/2022', 'Nevesinje', 3, 'heart', 'null', 'online', 878.92);
insert into `get lab tests` (get_lab_test_id, glt_time, glt_location, glt_fasting_time, glt_type, glt_data, glt_mode, glt_cost) values (28, '21/08/2022', 'Batán', 6, 'heart', 'null', 'online', 792.07);
insert into `get lab tests` (get_lab_test_id, glt_time, glt_location, glt_fasting_time, glt_type, glt_data, glt_mode, glt_cost) values (29, '13/11/2022', 'Hà Tiên', 3, 'heart', 'null', 'online', 674.29);
insert into `get lab tests` (get_lab_test_id, glt_time, glt_location, glt_fasting_time, glt_type, glt_data, glt_mode, glt_cost) values (30, '18/07/2022', 'Alpūrai', 4, 'heart', 'null', 'online', 457.42);
insert into `get lab tests` (get_lab_test_id, glt_time, glt_location, glt_fasting_time, glt_type, glt_data, glt_mode, glt_cost) values (31, '03/04/2022', 'Zhushan', 2, 'heart', 'null', 'online', 848.97);
insert into `get lab tests` (get_lab_test_id, glt_time, glt_location, glt_fasting_time, glt_type, glt_data, glt_mode, glt_cost) values (32, '06/04/2022', 'Cruz Alta', 3, 'heart', 'null', 'online', 255.51);
insert into `get lab tests` (get_lab_test_id, glt_time, glt_location, glt_fasting_time, glt_type, glt_data, glt_mode, glt_cost) values (33, '22/03/2022', 'Hotsk', 3, 'heart', 'null', 'online', 763.72);
insert into `get lab tests` (get_lab_test_id, glt_time, glt_location, glt_fasting_time, glt_type, glt_data, glt_mode, glt_cost) values (34, '09/02/2022', 'Palomoc', 4, 'heart', 'null', 'online', 218.98);
insert into `get lab tests` (get_lab_test_id, glt_time, glt_location, glt_fasting_time, glt_type, glt_data, glt_mode, glt_cost) values (35, '04/09/2022', 'Lastoursville', 6, 'heart', 'null', 'online', 880.7);
insert into `get lab tests` (get_lab_test_id, glt_time, glt_location, glt_fasting_time, glt_type, glt_data, glt_mode, glt_cost) values (36, '20/06/2022', 'L''Île-Perrot', 1, 'heart', 'null', 'online', 481.81);
insert into `get lab tests` (get_lab_test_id, glt_time, glt_location, glt_fasting_time, glt_type, glt_data, glt_mode, glt_cost) values (37, '03/01/2023', 'Jengglungharjo', 6, 'heart', 'null', 'online', 635.51);
insert into `get lab tests` (get_lab_test_id, glt_time, glt_location, glt_fasting_time, glt_type, glt_data, glt_mode, glt_cost) values (38, '30/04/2022', 'Bābol', 7, 'heart', 'null', 'online', 255.76);
insert into `get lab tests` (get_lab_test_id, glt_time, glt_location, glt_fasting_time, glt_type, glt_data, glt_mode, glt_cost) values (39, '09/10/2022', 'Muang Sing', 7, 'heart', 'null', 'online', 11.06);
insert into `get lab tests` (get_lab_test_id, glt_time, glt_location, glt_fasting_time, glt_type, glt_data, glt_mode, glt_cost) values (40, '31/12/2022', 'Luzhany', 1, 'heart', 'null', 'online', 221.82);
insert into `get lab tests` (get_lab_test_id, glt_time, glt_location, glt_fasting_time, glt_type, glt_data, glt_mode, glt_cost) values (41, '04/12/2022', 'Skwierzyna', 2, 'heart', 'null', 'online', 277.16);
insert into `get lab tests` (get_lab_test_id, glt_time, glt_location, glt_fasting_time, glt_type, glt_data, glt_mode, glt_cost) values (42, '22/08/2022', 'Bang Len', 4, 'heart', 'null', 'online', 975.19);
insert into `get lab tests` (get_lab_test_id, glt_time, glt_location, glt_fasting_time, glt_type, glt_data, glt_mode, glt_cost) values (43, '04/03/2022', 'Jadowniki', 1, 'heart', 'null', 'online', 916.54);
insert into `get lab tests` (get_lab_test_id, glt_time, glt_location, glt_fasting_time, glt_type, glt_data, glt_mode, glt_cost) values (44, '24/06/2022', 'Genet', 7, 'heart', 'null', 'online', 57.01);
insert into `get lab tests` (get_lab_test_id, glt_time, glt_location, glt_fasting_time, glt_type, glt_data, glt_mode, glt_cost) values (45, '27/07/2022', 'Ruma', 6, 'heart', 'null', 'online', 38.35);
insert into `get lab tests` (get_lab_test_id, glt_time, glt_location, glt_fasting_time, glt_type, glt_data, glt_mode, glt_cost) values (46, '16/02/2022', 'Margahayu', 6, 'heart', 'null', 'online', 729.0);
insert into `get lab tests` (get_lab_test_id, glt_time, glt_location, glt_fasting_time, glt_type, glt_data, glt_mode, glt_cost) values (47, '30/12/2022', 'Banyubang', 7, 'heart', 'null', 'online', 191.69);
insert into `get lab tests` (get_lab_test_id, glt_time, glt_location, glt_fasting_time, glt_type, glt_data, glt_mode, glt_cost) values (48, '26/08/2022', 'Chodów', 1, 'heart', 'null', 'online', 386.52);
insert into `get lab tests` (get_lab_test_id, glt_time, glt_location, glt_fasting_time, glt_type, glt_data, glt_mode, glt_cost) values (49, '16/03/2022', 'Samur', 2, 'heart', 'null', 'online', 940.93);
insert into `get lab tests` (get_lab_test_id, glt_time, glt_location, glt_fasting_time, glt_type, glt_data, glt_mode, glt_cost) values (50, '30/05/2022', 'Aykol', 6, 'heart', 'null', 'online', 588.67);
insert into `get lab tests` (get_lab_test_id, glt_time, glt_location, glt_fasting_time, glt_type, glt_data, glt_mode, glt_cost) values (51, '23/01/2023', 'Korobitsyno', 5, 'heart', 'null', 'online', 146.33);
insert into `get lab tests` (get_lab_test_id, glt_time, glt_location, glt_fasting_time, glt_type, glt_data, glt_mode, glt_cost) values (52, '21/06/2022', 'Jati', 3, 'heart', 'null', 'online', 416.15);
insert into `get lab tests` (get_lab_test_id, glt_time, glt_location, glt_fasting_time, glt_type, glt_data, glt_mode, glt_cost) values (53, '28/11/2022', 'Voyinka', 7, 'heart', 'null', 'online', 328.59);
insert into `get lab tests` (get_lab_test_id, glt_time, glt_location, glt_fasting_time, glt_type, glt_data, glt_mode, glt_cost) values (54, '19/07/2022', 'Otradnyy', 6, 'heart', 'null', 'online', 129.47);
insert into `get lab tests` (get_lab_test_id, glt_time, glt_location, glt_fasting_time, glt_type, glt_data, glt_mode, glt_cost) values (55, '02/01/2023', 'Ji Paraná', 3, 'heart', 'null', 'online', 192.17);
insert into `get lab tests` (get_lab_test_id, glt_time, glt_location, glt_fasting_time, glt_type, glt_data, glt_mode, glt_cost) values (56, '14/12/2022', 'Aborlan', 7, 'heart', 'null', 'online', 397.12);
insert into `get lab tests` (get_lab_test_id, glt_time, glt_location, glt_fasting_time, glt_type, glt_data, glt_mode, glt_cost) values (57, '22/09/2022', 'Utama Wetan', 5, 'heart', 'null', 'online', 232.53);
insert into `get lab tests` (get_lab_test_id, glt_time, glt_location, glt_fasting_time, glt_type, glt_data, glt_mode, glt_cost) values (58, '14/10/2022', 'Dongjiao', 5, 'heart', 'null', 'online', 811.07);
insert into `get lab tests` (get_lab_test_id, glt_time, glt_location, glt_fasting_time, glt_type, glt_data, glt_mode, glt_cost) values (59, '21/12/2022', 'Opechenskiy Posad', 5, 'heart', 'null', 'online', 136.77);
insert into `get lab tests` (get_lab_test_id, glt_time, glt_location, glt_fasting_time, glt_type, glt_data, glt_mode, glt_cost) values (60, '07/03/2022', 'Shengli', 2, 'heart', 'null', 'online', 30.52);
insert into `get lab tests` (get_lab_test_id, glt_time, glt_location, glt_fasting_time, glt_type, glt_data, glt_mode, glt_cost) values (61, '05/08/2022', 'Juan L. Lacaze', 3, 'heart', 'null', 'online', 598.35);
insert into `get lab tests` (get_lab_test_id, glt_time, glt_location, glt_fasting_time, glt_type, glt_data, glt_mode, glt_cost) values (62, '24/08/2022', 'Cairo', 4, 'heart', 'null', 'online', 151.57);
insert into `get lab tests` (get_lab_test_id, glt_time, glt_location, glt_fasting_time, glt_type, glt_data, glt_mode, glt_cost) values (63, '21/05/2022', 'Anqing', 2, 'heart', 'null', 'online', 784.38);
insert into `get lab tests` (get_lab_test_id, glt_time, glt_location, glt_fasting_time, glt_type, glt_data, glt_mode, glt_cost) values (64, '13/04/2022', 'Grand Bois', 2, 'kidney', 'null', 'online', 179.93);
insert into `get lab tests` (get_lab_test_id, glt_time, glt_location, glt_fasting_time, glt_type, glt_data, glt_mode, glt_cost) values (65, '01/09/2022', 'Siderejo', 7, 'kidney', 'null', 'online', 259.22);
insert into `get lab tests` (get_lab_test_id, glt_time, glt_location, glt_fasting_time, glt_type, glt_data, glt_mode, glt_cost) values (66, '18/07/2022', 'Luján de Cuyo', 3, 'kidney', 'null', 'online', 228.28);
insert into `get lab tests` (get_lab_test_id, glt_time, glt_location, glt_fasting_time, glt_type, glt_data, glt_mode, glt_cost) values (67, '01/01/2023', 'Porangaba', 1, 'kidney', 'null', 'online', 939.2);
insert into `get lab tests` (get_lab_test_id, glt_time, glt_location, glt_fasting_time, glt_type, glt_data, glt_mode, glt_cost) values (68, '05/07/2022', 'Kowo', 3, 'kidney', 'null', 'online', 280.13);
insert into `get lab tests` (get_lab_test_id, glt_time, glt_location, glt_fasting_time, glt_type, glt_data, glt_mode, glt_cost) values (69, '15/04/2022', 'Milaor', 4, 'kidney', 'null', 'online', 605.82);
insert into `get lab tests` (get_lab_test_id, glt_time, glt_location, glt_fasting_time, glt_type, glt_data, glt_mode, glt_cost) values (70, '28/03/2022', 'Drohobych', 2, 'kidney', 'null', 'online', 996.46);
insert into `get lab tests` (get_lab_test_id, glt_time, glt_location, glt_fasting_time, glt_type, glt_data, glt_mode, glt_cost) values (71, '14/09/2022', 'Neringa', 6, 'kidney', 'null', 'online', 55.59);
insert into `get lab tests` (get_lab_test_id, glt_time, glt_location, glt_fasting_time, glt_type, glt_data, glt_mode, glt_cost) values (72, '27/04/2022', 'Soutinho', 7, 'kidney', 'null', 'online', 250.91);
insert into `get lab tests` (get_lab_test_id, glt_time, glt_location, glt_fasting_time, glt_type, glt_data, glt_mode, glt_cost) values (73, '14/06/2022', 'Smilavichy', 6, 'kidney', 'null', 'online', 515.09);
insert into `get lab tests` (get_lab_test_id, glt_time, glt_location, glt_fasting_time, glt_type, glt_data, glt_mode, glt_cost) values (74, '13/09/2022', 'Dateng', 4, 'kidney', 'null', 'online', 50.24);
insert into `get lab tests` (get_lab_test_id, glt_time, glt_location, glt_fasting_time, glt_type, glt_data, glt_mode, glt_cost) values (75, '27/08/2022', 'Alabug', 3, 'kidney', 'null', 'online', 314.18);
insert into `get lab tests` (get_lab_test_id, glt_time, glt_location, glt_fasting_time, glt_type, glt_data, glt_mode, glt_cost) values (76, '13/04/2022', 'Sorodot', 3, 'kidney', 'null', 'online', 573.38);
insert into `get lab tests` (get_lab_test_id, glt_time, glt_location, glt_fasting_time, glt_type, glt_data, glt_mode, glt_cost) values (77, '28/01/2023', 'Letlhakeng', 5, 'kidney', 'null', 'online', 8.35);
insert into `get lab tests` (get_lab_test_id, glt_time, glt_location, glt_fasting_time, glt_type, glt_data, glt_mode, glt_cost) values (78, '10/11/2022', 'Asopós', 3, 'kidney', 'null', 'online', 183.2);
insert into `get lab tests` (get_lab_test_id, glt_time, glt_location, glt_fasting_time, glt_type, glt_data, glt_mode, glt_cost) values (79, '16/08/2022', 'Butigui', 3, 'kidney', 'null', 'online', 355.81);
insert into `get lab tests` (get_lab_test_id, glt_time, glt_location, glt_fasting_time, glt_type, glt_data, glt_mode, glt_cost) values (80, '01/07/2022', 'Kostryzhivka', 6, 'kidney', 'null', 'online', 977.89);
insert into `get lab tests` (get_lab_test_id, glt_time, glt_location, glt_fasting_time, glt_type, glt_data, glt_mode, glt_cost) values (81, '04/08/2022', 'Jorong', 1, 'heart', 'null', 'online', 800.9);
insert into `get lab tests` (get_lab_test_id, glt_time, glt_location, glt_fasting_time, glt_type, glt_data, glt_mode, glt_cost) values (82, '15/11/2022', 'Lutowiska', 1, 'heart', 'null', 'online', 460.59);
insert into `get lab tests` (get_lab_test_id, glt_time, glt_location, glt_fasting_time, glt_type, glt_data, glt_mode, glt_cost) values (83, '30/10/2022', 'Mizhirah', 2, 'heart', 'null', 'online', 159.15);
insert into `get lab tests` (get_lab_test_id, glt_time, glt_location, glt_fasting_time, glt_type, glt_data, glt_mode, glt_cost) values (84, '30/05/2022', 'Cayenne', 5, 'heart', 'null', 'online', 729.81);
insert into `get lab tests` (get_lab_test_id, glt_time, glt_location, glt_fasting_time, glt_type, glt_data, glt_mode, glt_cost) values (85, '10/08/2022', 'Zhenzhushan', 7, 'heart', 'null', 'online', 589.53);
insert into `get lab tests` (get_lab_test_id, glt_time, glt_location, glt_fasting_time, glt_type, glt_data, glt_mode, glt_cost) values (86, '11/06/2022', 'Ciawitali', 2, 'heart', 'null', 'online', 335.26);
insert into `get lab tests` (get_lab_test_id, glt_time, glt_location, glt_fasting_time, glt_type, glt_data, glt_mode, glt_cost) values (87, '28/10/2022', 'Shibīn al Qanāţir', 1, 'heart', 'null', 'online', 570.91);
insert into `get lab tests` (get_lab_test_id, glt_time, glt_location, glt_fasting_time, glt_type, glt_data, glt_mode, glt_cost) values (88, '01/10/2022', 'Cabreúva', 7, 'heart', 'null', 'online', 372.53);
insert into `get lab tests` (get_lab_test_id, glt_time, glt_location, glt_fasting_time, glt_type, glt_data, glt_mode, glt_cost) values (89, '16/07/2022', 'Mont-de-Marsan', 5, 'heart', 'null', 'online', 613.36);
insert into `get lab tests` (get_lab_test_id, glt_time, glt_location, glt_fasting_time, glt_type, glt_data, glt_mode, glt_cost) values (90, '17/01/2023', 'Pančevo', 2, 'heart', 'null', 'online', 742.82);
insert into `get lab tests` (get_lab_test_id, glt_time, glt_location, glt_fasting_time, glt_type, glt_data, glt_mode, glt_cost) values (91, '28/11/2022', 'El Jem', 3, 'heart', 'null', 'online', 498.06);
insert into `get lab tests` (get_lab_test_id, glt_time, glt_location, glt_fasting_time, glt_type, glt_data, glt_mode, glt_cost) values (92, '29/01/2023', 'Mastaiciai', 2, 'heart', 'null', 'online', 534.42);
insert into `get lab tests` (get_lab_test_id, glt_time, glt_location, glt_fasting_time, glt_type, glt_data, glt_mode, glt_cost) values (93, '07/11/2022', 'Yuci', 4, 'heart', 'null', 'online', 698.99);
insert into `get lab tests` (get_lab_test_id, glt_time, glt_location, glt_fasting_time, glt_type, glt_data, glt_mode, glt_cost) values (94, '29/11/2022', 'Nanfeng', 1, 'heart', 'null', 'online', 106.88);
insert into `get lab tests` (get_lab_test_id, glt_time, glt_location, glt_fasting_time, glt_type, glt_data, glt_mode, glt_cost) values (95, '04/12/2022', 'Bristol', 1, 'heart', 'null', 'online', 54.57);
insert into `get lab tests` (get_lab_test_id, glt_time, glt_location, glt_fasting_time, glt_type, glt_data, glt_mode, glt_cost) values (96, '27/12/2022', 'Turba', 1, 'heart', 'null', 'online', 859.18);
insert into `get lab tests` (get_lab_test_id, glt_time, glt_location, glt_fasting_time, glt_type, glt_data, glt_mode, glt_cost) values (97, '24/01/2023', 'Hausjärvi', 3, 'heart', 'null', 'online', 517.12);
insert into `get lab tests` (get_lab_test_id, glt_time, glt_location, glt_fasting_time, glt_type, glt_data, glt_mode, glt_cost) values (98, '02/06/2022', 'Santo Isidro', 6, 'heart', 'null', 'online', 711.53);
insert into `get lab tests` (get_lab_test_id, glt_time, glt_location, glt_fasting_time, glt_type, glt_data, glt_mode, glt_cost) values (99, '24/11/2022', 'Sefrou', 1, 'heart', 'null', 'online', 443.96);
insert into `get lab tests` (get_lab_test_id, glt_time, glt_location, glt_fasting_time, glt_type, glt_data, glt_mode, glt_cost) values (100, '09/06/2022', 'Qiaolin', 7, 'heart', 'null', 'online', 392.03);




-- OTHER_INSTITUTION
SELECT * FROM mydb.other_institution;
insert into other_institution (other_user_id, other_user_affiliation) values (1, 'Russia');
insert into other_institution (other_user_id, other_user_affiliation) values (2, 'Japan');
insert into other_institution (other_user_id, other_user_affiliation) values (3, 'Kosovo');
insert into other_institution (other_user_id, other_user_affiliation) values (4, 'Brazil');
insert into other_institution (other_user_id, other_user_affiliation) values (5, 'Philippines');
insert into other_institution (other_user_id, other_user_affiliation) values (6, 'Russia');
insert into other_institution (other_user_id, other_user_affiliation) values (7, 'Brazil');
insert into other_institution (other_user_id, other_user_affiliation) values (8, 'Brazil');
insert into other_institution (other_user_id, other_user_affiliation) values (9, 'Tajikistan');
insert into other_institution (other_user_id, other_user_affiliation) values (10, 'Argentina');
insert into other_institution (other_user_id, other_user_affiliation) values (11, 'Philippines');
insert into other_institution (other_user_id, other_user_affiliation) values (12, 'China');
insert into other_institution (other_user_id, other_user_affiliation) values (13, 'Bangladesh');
insert into other_institution (other_user_id, other_user_affiliation) values (14, 'China');
insert into other_institution (other_user_id, other_user_affiliation) values (15, 'China');
insert into other_institution (other_user_id, other_user_affiliation) values (16, 'China');
insert into other_institution (other_user_id, other_user_affiliation) values (17, 'WHO');
insert into other_institution (other_user_id, other_user_affiliation) values (18, 'Canada');
insert into other_institution (other_user_id, other_user_affiliation) values (19, 'Bangladesh');
insert into other_institution (other_user_id, other_user_affiliation) values (20, 'Zimbabwe');
insert into other_institution (other_user_id, other_user_affiliation) values (21, 'Philippines');
insert into other_institution (other_user_id, other_user_affiliation) values (22, 'China');
insert into other_institution (other_user_id, other_user_affiliation) values (23, 'Philippines');
insert into other_institution (other_user_id, other_user_affiliation) values (24, 'WHO');
insert into other_institution (other_user_id, other_user_affiliation) values (25, 'Russia');
insert into other_institution (other_user_id, other_user_affiliation) values (26, 'Philippines');
insert into other_institution (other_user_id, other_user_affiliation) values (27, 'WHO');
insert into other_institution (other_user_id, other_user_affiliation) values (28, 'Costa Rica');
insert into other_institution (other_user_id, other_user_affiliation) values (29, 'Albania');
insert into other_institution (other_user_id, other_user_affiliation) values (30, 'Philippines');
insert into other_institution (other_user_id, other_user_affiliation) values (31, 'Netherlands');
insert into other_institution (other_user_id, other_user_affiliation) values (32, 'Czech Republic');
insert into other_institution (other_user_id, other_user_affiliation) values (33, 'China');
insert into other_institution (other_user_id, other_user_affiliation) values (34, 'Syria');
insert into other_institution (other_user_id, other_user_affiliation) values (35, 'Serbia');
insert into other_institution (other_user_id, other_user_affiliation) values (36, 'Philippines');
insert into other_institution (other_user_id, other_user_affiliation) values (37, 'Ukraine');
insert into other_institution (other_user_id, other_user_affiliation) values (38, 'Philippines');
insert into other_institution (other_user_id, other_user_affiliation) values (39, 'Switzerland');
insert into other_institution (other_user_id, other_user_affiliation) values (40, 'Indonesia');
insert into other_institution (other_user_id, other_user_affiliation) values (41, 'Afghanistan');
insert into other_institution (other_user_id, other_user_affiliation) values (42, 'Czech Republic');
insert into other_institution (other_user_id, other_user_affiliation) values (43, 'China');
insert into other_institution (other_user_id, other_user_affiliation) values (44, 'China');
insert into other_institution (other_user_id, other_user_affiliation) values (45, 'Brazil');
insert into other_institution (other_user_id, other_user_affiliation) values (46, 'Peru');
insert into other_institution (other_user_id, other_user_affiliation) values (47, 'Portugal');
insert into other_institution (other_user_id, other_user_affiliation) values (48, 'China');
insert into other_institution (other_user_id, other_user_affiliation) values (49, 'China');
insert into other_institution (other_user_id, other_user_affiliation) values (50, 'Colombia');
insert into other_institution (other_user_id, other_user_affiliation) values (51, 'Bosnia and Herzegovina');
insert into other_institution (other_user_id, other_user_affiliation) values (52, 'United States');
insert into other_institution (other_user_id, other_user_affiliation) values (53, 'Yemen');
insert into other_institution (other_user_id, other_user_affiliation) values (54, 'China');
insert into other_institution (other_user_id, other_user_affiliation) values (55, 'Brazil');
insert into other_institution (other_user_id, other_user_affiliation) values (56, 'Kenya');
insert into other_institution (other_user_id, other_user_affiliation) values (57, 'Russia');
insert into other_institution (other_user_id, other_user_affiliation) values (58, 'Mexico');
insert into other_institution (other_user_id, other_user_affiliation) values (59, 'Cameroon');
insert into other_institution (other_user_id, other_user_affiliation) values (60, 'Albania');
insert into other_institution (other_user_id, other_user_affiliation) values (61, 'Thailand');
insert into other_institution (other_user_id, other_user_affiliation) values (62, 'Ethiopia');
insert into other_institution (other_user_id, other_user_affiliation) values (63, 'Nigeria');
insert into other_institution (other_user_id, other_user_affiliation) values (64, 'Russia');
insert into other_institution (other_user_id, other_user_affiliation) values (65, 'Thailand');
insert into other_institution (other_user_id, other_user_affiliation) values (66, 'Armenia');
insert into other_institution (other_user_id, other_user_affiliation) values (67, 'Japan');
insert into other_institution (other_user_id, other_user_affiliation) values (68, 'Indonesia');
insert into other_institution (other_user_id, other_user_affiliation) values (69, 'Comoros');
insert into other_institution (other_user_id, other_user_affiliation) values (70, 'China');
insert into other_institution (other_user_id, other_user_affiliation) values (71, 'Sweden');
insert into other_institution (other_user_id, other_user_affiliation) values (72, 'China');
insert into other_institution (other_user_id, other_user_affiliation) values (73, 'Latvia');
insert into other_institution (other_user_id, other_user_affiliation) values (74, 'Myanmar');
insert into other_institution (other_user_id, other_user_affiliation) values (75, 'Philippines');
insert into other_institution (other_user_id, other_user_affiliation) values (76, 'China');
insert into other_institution (other_user_id, other_user_affiliation) values (77, 'China');
insert into other_institution (other_user_id, other_user_affiliation) values (78, 'France');
insert into other_institution (other_user_id, other_user_affiliation) values (79, 'Pakistan');
insert into other_institution (other_user_id, other_user_affiliation) values (80, 'France');
insert into other_institution (other_user_id, other_user_affiliation) values (81, 'Philippines');
insert into other_institution (other_user_id, other_user_affiliation) values (82, 'Poland');
insert into other_institution (other_user_id, other_user_affiliation) values (83, 'Czech Republic');
insert into other_institution (other_user_id, other_user_affiliation) values (84, 'Indonesia');
insert into other_institution (other_user_id, other_user_affiliation) values (85, 'Portugal');
insert into other_institution (other_user_id, other_user_affiliation) values (86, 'Chile');
insert into other_institution (other_user_id, other_user_affiliation) values (87, 'China');
insert into other_institution (other_user_id, other_user_affiliation) values (88, 'Brazil');
insert into other_institution (other_user_id, other_user_affiliation) values (89, 'Indonesia');
insert into other_institution (other_user_id, other_user_affiliation) values (90, 'Poland');
insert into other_institution (other_user_id, other_user_affiliation) values (91, 'Indonesia');
insert into other_institution (other_user_id, other_user_affiliation) values (92, 'Afghanistan');
insert into other_institution (other_user_id, other_user_affiliation) values (93, 'Peru');
insert into other_institution (other_user_id, other_user_affiliation) values (94, 'China');
insert into other_institution (other_user_id, other_user_affiliation) values (95, 'Madagascar');
insert into other_institution (other_user_id, other_user_affiliation) values (96, 'Indonesia');
insert into other_institution (other_user_id, other_user_affiliation) values (97, 'South Africa');
insert into other_institution (other_user_id, other_user_affiliation) values (98, 'Ukraine');
insert into other_institution (other_user_id, other_user_affiliation) values (99, 'Indonesia');
insert into other_institution (other_user_id, other_user_affiliation) values (100, 'Vietnam');

-- Order_History
SELECT * FROM mydb.order_history;
insert into order_history (user_id, order_id, type, quantity, identifying_id) values (49, 1, 'doctor', 71, 85);
insert into order_history (user_id, order_id, type, quantity, identifying_id) values (47, 2, 'medicine', 36, 23);
insert into order_history (user_id, order_id, type, quantity, identifying_id) values (76, 3, 'lab', 95, 55);
insert into order_history (user_id, order_id, type, quantity, identifying_id) values (67, 4, 'medicine', 20, 74);
insert into order_history (user_id, order_id, type, quantity, identifying_id) values (56, 5, 'medicine', 13, 41);
insert into order_history (user_id, order_id, type, quantity, identifying_id) values (6, 6, 'doctor', 93, 48);
insert into order_history (user_id, order_id, type, quantity, identifying_id) values (29, 7, 'doctor', 79, 47);
insert into order_history (user_id, order_id, type, quantity, identifying_id) values (9, 8, 'doctor', 56, 84);
insert into order_history (user_id, order_id, type, quantity, identifying_id) values (48, 9, 'doctor', 62, 62);
insert into order_history (user_id, order_id, type, quantity, identifying_id) values (67, 10, 'medicine', 67, 61);
insert into order_history (user_id, order_id, type, quantity, identifying_id) values (42, 11, 'lab', 56, 44);
insert into order_history (user_id, order_id, type, quantity, identifying_id) values (64, 12, 'medicine', 89, 29);
insert into order_history (user_id, order_id, type, quantity, identifying_id) values (23, 13, 'lab', 49, 35);
insert into order_history (user_id, order_id, type, quantity, identifying_id) values (57, 14, 'medicine', 50, 57);
insert into order_history (user_id, order_id, type, quantity, identifying_id) values (70, 15, 'medicine', 50, 58);
insert into order_history (user_id, order_id, type, quantity, identifying_id) values (30, 16, 'lab', 1, 24);
insert into order_history (user_id, order_id, type, quantity, identifying_id) values (64, 17, 'medicine', 4, 84);
insert into order_history (user_id, order_id, type, quantity, identifying_id) values (88, 18, 'doctor', 56, 4);
insert into order_history (user_id, order_id, type, quantity, identifying_id) values (70, 19, 'doctor', 55, 10);
insert into order_history (user_id, order_id, type, quantity, identifying_id) values (55, 20, 'medicine', 40, 64);
insert into order_history (user_id, order_id, type, quantity, identifying_id) values (74, 21, 'doctor', 59, 75);
insert into order_history (user_id, order_id, type, quantity, identifying_id) values (89, 22, 'lab', 47, 37);
insert into order_history (user_id, order_id, type, quantity, identifying_id) values (25, 23, 'medicine', 5, 72);
insert into order_history (user_id, order_id, type, quantity, identifying_id) values (1, 24, 'doctor', 58, 3);
insert into order_history (user_id, order_id, type, quantity, identifying_id) values (60, 25, 'lab', 47, 36);
insert into order_history (user_id, order_id, type, quantity, identifying_id) values (46, 26, 'medicine', 52, 53);
insert into order_history (user_id, order_id, type, quantity, identifying_id) values (57, 27, 'lab', 66, 62);
insert into order_history (user_id, order_id, type, quantity, identifying_id) values (20, 28, 'doctor', 22, 8);
insert into order_history (user_id, order_id, type, quantity, identifying_id) values (79, 29, 'medicine', 8, 46);
insert into order_history (user_id, order_id, type, quantity, identifying_id) values (87, 30, 'medicine', 22, 90);
insert into order_history (user_id, order_id, type, quantity, identifying_id) values (100, 31, 'lab', 76, 28);
insert into order_history (user_id, order_id, type, quantity, identifying_id) values (98, 32, 'medicine', 67, 90);
insert into order_history (user_id, order_id, type, quantity, identifying_id) values (48, 33, 'lab', 12, 30);
insert into order_history (user_id, order_id, type, quantity, identifying_id) values (60, 34, 'doctor', 88, 46);
insert into order_history (user_id, order_id, type, quantity, identifying_id) values (61, 35, 'lab', 29, 31);
insert into order_history (user_id, order_id, type, quantity, identifying_id) values (63, 36, 'lab', 78, 97);
insert into order_history (user_id, order_id, type, quantity, identifying_id) values (11, 37, 'lab', 50, 86);
insert into order_history (user_id, order_id, type, quantity, identifying_id) values (64, 38, 'medicine', 29, 15);
insert into order_history (user_id, order_id, type, quantity, identifying_id) values (15, 39, 'medicine', 58, 67);
insert into order_history (user_id, order_id, type, quantity, identifying_id) values (82, 40, 'lab', 74, 91);
insert into order_history (user_id, order_id, type, quantity, identifying_id) values (99, 41, 'doctor', 76, 85);
insert into order_history (user_id, order_id, type, quantity, identifying_id) values (68, 42, 'medicine', 18, 49);
insert into order_history (user_id, order_id, type, quantity, identifying_id) values (67, 43, 'lab', 69, 12);
insert into order_history (user_id, order_id, type, quantity, identifying_id) values (32, 44, 'medicine', 31, 47);
insert into order_history (user_id, order_id, type, quantity, identifying_id) values (20, 45, 'doctor', 71, 53);
insert into order_history (user_id, order_id, type, quantity, identifying_id) values (72, 46, 'doctor', 52, 32);
insert into order_history (user_id, order_id, type, quantity, identifying_id) values (36, 47, 'lab', 93, 24);
insert into order_history (user_id, order_id, type, quantity, identifying_id) values (83, 48, 'doctor', 19, 53);
insert into order_history (user_id, order_id, type, quantity, identifying_id) values (84, 49, 'doctor', 46, 27);
insert into order_history (user_id, order_id, type, quantity, identifying_id) values (59, 50, 'medicine', 66, 38);
insert into order_history (user_id, order_id, type, quantity, identifying_id) values (19, 51, 'doctor', 5, 89);
insert into order_history (user_id, order_id, type, quantity, identifying_id) values (95, 52, 'medicine', 42, 39);
insert into order_history (user_id, order_id, type, quantity, identifying_id) values (72, 53, 'doctor', 62, 63);
insert into order_history (user_id, order_id, type, quantity, identifying_id) values (85, 54, 'doctor', 78, 65);
insert into order_history (user_id, order_id, type, quantity, identifying_id) values (94, 55, 'lab', 96, 69);
insert into order_history (user_id, order_id, type, quantity, identifying_id) values (3, 56, 'doctor', 70, 77);
insert into order_history (user_id, order_id, type, quantity, identifying_id) values (2, 57, 'doctor', 35, 95);
insert into order_history (user_id, order_id, type, quantity, identifying_id) values (16, 58, 'medicine', 79, 95);
insert into order_history (user_id, order_id, type, quantity, identifying_id) values (18, 59, 'doctor', 77, 94);
insert into order_history (user_id, order_id, type, quantity, identifying_id) values (83, 60, 'lab', 69, 12);
insert into order_history (user_id, order_id, type, quantity, identifying_id) values (14, 61, 'lab', 55, 50);
insert into order_history (user_id, order_id, type, quantity, identifying_id) values (58, 62, 'doctor', 34, 68);
insert into order_history (user_id, order_id, type, quantity, identifying_id) values (94, 63, 'lab', 49, 73);
insert into order_history (user_id, order_id, type, quantity, identifying_id) values (24, 64, 'medicine', 64, 37);
insert into order_history (user_id, order_id, type, quantity, identifying_id) values (5, 65, 'lab', 28, 30);
insert into order_history (user_id, order_id, type, quantity, identifying_id) values (6, 66, 'lab', 46, 75);
insert into order_history (user_id, order_id, type, quantity, identifying_id) values (68, 67, 'lab', 44, 53);
insert into order_history (user_id, order_id, type, quantity, identifying_id) values (47, 68, 'medicine', 65, 63);
insert into order_history (user_id, order_id, type, quantity, identifying_id) values (46, 69, 'medicine', 77, 7);
insert into order_history (user_id, order_id, type, quantity, identifying_id) values (53, 70, 'lab', 90, 42);
insert into order_history (user_id, order_id, type, quantity, identifying_id) values (96, 71, 'doctor', 55, 8);
insert into order_history (user_id, order_id, type, quantity, identifying_id) values (33, 72, 'doctor', 90, 2);
insert into order_history (user_id, order_id, type, quantity, identifying_id) values (35, 73, 'medicine', 3, 5);
insert into order_history (user_id, order_id, type, quantity, identifying_id) values (81, 74, 'lab', 72, 12);
insert into order_history (user_id, order_id, type, quantity, identifying_id) values (67, 75, 'medicine', 87, 78);
insert into order_history (user_id, order_id, type, quantity, identifying_id) values (42, 76, 'doctor', 27, 38);
insert into order_history (user_id, order_id, type, quantity, identifying_id) values (15, 77, 'lab', 14, 25);
insert into order_history (user_id, order_id, type, quantity, identifying_id) values (73, 78, 'medicine', 78, 65);
insert into order_history (user_id, order_id, type, quantity, identifying_id) values (76, 79, 'lab', 76, 3);
insert into order_history (user_id, order_id, type, quantity, identifying_id) values (10, 80, 'doctor', 28, 78);
insert into order_history (user_id, order_id, type, quantity, identifying_id) values (31, 81, 'doctor', 61, 47);
insert into order_history (user_id, order_id, type, quantity, identifying_id) values (77, 82, 'doctor', 81, 40);
insert into order_history (user_id, order_id, type, quantity, identifying_id) values (26, 83, 'lab', 74, 57);
insert into order_history (user_id, order_id, type, quantity, identifying_id) values (20, 84, 'medicine', 40, 94);
insert into order_history (user_id, order_id, type, quantity, identifying_id) values (79, 85, 'doctor', 11, 17);
insert into order_history (user_id, order_id, type, quantity, identifying_id) values (65, 86, 'doctor', 25, 67);
insert into order_history (user_id, order_id, type, quantity, identifying_id) values (30, 87, 'doctor', 61, 83);
insert into order_history (user_id, order_id, type, quantity, identifying_id) values (82, 88, 'lab', 85, 42);
insert into order_history (user_id, order_id, type, quantity, identifying_id) values (43, 89, 'medicine', 90, 16);
insert into order_history (user_id, order_id, type, quantity, identifying_id) values (57, 90, 'medicine', 49, 58);
insert into order_history (user_id, order_id, type, quantity, identifying_id) values (49, 91, 'medicine', 17, 42);
insert into order_history (user_id, order_id, type, quantity, identifying_id) values (98, 92, 'lab', 70, 36);
insert into order_history (user_id, order_id, type, quantity, identifying_id) values (94, 93, 'medicine', 39, 16);
insert into order_history (user_id, order_id, type, quantity, identifying_id) values (99, 94, 'doctor', 22, 59);
insert into order_history (user_id, order_id, type, quantity, identifying_id) values (6, 95, 'lab', 49, 51);
insert into order_history (user_id, order_id, type, quantity, identifying_id) values (19, 96, 'lab', 95, 97);
insert into order_history (user_id, order_id, type, quantity, identifying_id) values (26, 97, 'lab', 100, 34);
insert into order_history (user_id, order_id, type, quantity, identifying_id) values (84, 98, 'medicine', 4, 13);
insert into order_history (user_id, order_id, type, quantity, identifying_id) values (94, 99, 'doctor', 20, 86);
insert into order_history (user_id, order_id, type, quantity, identifying_id) values (66, 100, 'doctor', 79, 73);

-- lab_cart
SELECT * FROM mydb.lab_cart;
INSERT INTO  mydb.lab_cart(get_lab_test_id , user_id)
SELECT get_lab_test_id , user_id
FROM `get lab tests` , patient;

SELECT * FROM mydb.lab_cart;
UPDATE mydb.lab_cart
SET l_quantity = RAND()*((50-10)+10)
WHERE get_lab_test_id>=1;

-- medicine_id
SELECT * FROM mydb.medicine_id;
INSERT INTO  mydb.medicine_id(medicine_id , user_id)
SELECT medicine_id , user_id
FROM `medicine` , patient;

SELECT * FROM mydb.medicine_id;
UPDATE mydb.medicine_id
SET quantity = RAND()*((50-10)+10)
WHERE medicine_id>=1;

-- employee_phone
SELECT * FROM mydb.employee_phone;
INSERT INTO mydb.employee_phone (employee_id , employee_phone_number)
SELECT employee_id, employee_phone
FROM management;